index,i,j,k,mean,std,skew,kurtosis,exceed_3sigma,bc
0,0,0,0,-0.0030938265845179558,0.0002926790330093354,5.086140155792236,35.850650787353516,0.0167,0.7494654059410095
1,0,0,1,-0.0030968908686190844,0.0003105345240328461,2.8519654273986816,48.22299575805664,0.0176,0.1894056349992752
2,0,0,2,-0.003105605486780405,0.00037011734093539417,-0.4542383849620819,58.94491195678711,0.0211,0.020465420559048653
3,0,0,3,-0.0031261886470019817,0.0004954522009938955,-2.1677772998809814,49.547340393066406,0.0284,0.11502652615308762
4,0,0,4,-0.0031420232262462378,0.0005780229694209993,-2.5170669555664062,42.23531723022461,0.0328,0.17368464171886444
5,0,0,5,-0.0031305437441915274,0.0005031154141761363,-2.3566250801086426,45.2873420715332,0.03,0.14471332728862762
6,0,0,6,-0.0031047859229147434,0.00036486255703493953,-0.018406618386507034,54.41403579711914,0.0211,0.01838383823633194
7,0,0,7,-0.003097164910286665,0.0003244538966100663,1.8182158470153809,63.955657958984375,0.0177,0.06732647866010666
8,0,0,8,-0.0030938999261707067,0.0002928127069026232,5.074462413787842,35.82222366333008,0.0167,0.7467478513717651
9,0,1,0,-0.0030973521061241627,0.00031829444924369454,1.6615746021270752,62.46928024291992,0.0176,0.06020287424325943
10,0,1,1,-0.0031209129374474287,0.0004425759834703058,-2.1011433601379395,49.44908142089844,0.0264,0.10950261354446411
11,0,1,2,-0.003205100307241082,0.0008694318239577115,-1.175525188446045,23.10884666442871,0.033,0.10307131707668304
12,0,1,3,-0.003285427577793598,0.00142809993121773,0.3557896614074707,11.049845695495605,0.0335,0.10195493698120117
13,0,1,4,-0.003302615834400058,0.0016557051567360759,0.5856465101242065,9.195025444030762,0.028,0.14605525135993958
14,0,1,5,-0.0032861751969903708,0.0014251713873818517,0.36929017305374146,11.381033897399902,0.0358,0.09984815120697021
15,0,1,6,-0.0032035072799772024,0.0008923023124225438,-0.9170107245445251,21.854991912841797,0.0347,0.0842328667640686
16,0,1,7,-0.0031216253992170095,0.00047493266174569726,-2.8204545974731445,54.15220642089844,0.026,0.1653665453195572
17,0,1,8,-0.003095530439168215,0.0003116572042927146,3.321840286254883,52.676937103271484,0.0174,0.22846095263957977
18,0,2,0,-0.003105312818661332,0.0003692293248604983,-1.2131431102752686,66.98784637451172,0.0206,0.03689797967672348
19,0,2,1,-0.003214355558156967,0.0008917911909520626,-1.3169487714767456,21.57528305053711,0.0363,0.12673549354076385
20,0,2,2,-0.003228843677788973,0.0018735767807811499,0.8260989189147949,7.432082176208496,0.0244,0.2263752520084381
21,0,2,3,-0.0026661136653274298,0.0028249442111700773,0.8264209032058716,3.787235975265503,0.0047,0.44437989592552185
22,0,2,4,-0.002181507647037506,0.003134027123451233,0.6249080300331116,2.9411747455596924,0.0021,0.4727737009525299
23,0,2,5,-0.002654035808518529,0.002829677425324917,0.8059604167938232,3.7574868202209473,0.0046,0.439009428024292
24,0,2,6,-0.0032584613654762506,0.001913525746203959,0.8666773438453674,7.528857231140137,0.023,0.23258903622627258
25,0,2,7,-0.003195596393197775,0.0009079843293875456,-0.6668848395347595,23.67784309387207,0.0344,0.06101634353399277
26,0,2,8,-0.0031062900088727474,0.0003777742385864258,-0.8880035877227783,61.01890563964844,0.0211,0.029311412945389748
27,0,3,0,-0.003124070120975375,0.0004717937554232776,-2.6862123012542725,52.022911071777344,0.0274,0.15792535245418549
28,0,3,1,-0.0033007157035171986,0.0013655746588483453,0.18230080604553223,11.614679336547852,0.034,0.08895929157733917
29,0,3,2,-0.002730031032115221,0.0028110388666391373,0.8020628690719604,3.796388626098633,0.005,0.43286001682281494
30,0,3,3,-0.0007595980423502624,0.0034988063853234053,0.15699224174022675,2.182969331741333,0.0004,0.46938201785087585
31,0,3,4,0.0002075268712360412,0.0034886214416474104,-0.14714577794075012,2.215606689453125,0.0,0.46111607551574707
32,0,3,5,-0.0006869643111713231,0.0034907162189483643,0.14457929134368896,2.1454532146453857,0.0001,0.47584500908851624
33,0,3,6,-0.00265655480325222,0.002832098165526986,0.8431708216667175,3.856276512145996,0.0059,0.4436759054660797
34,0,3,7,-0.0033078426495194435,0.0014365470269694924,0.2911863327026367,11.283853530883789,0.0324,0.09613644331693649
35,0,3,8,-0.0031144251115620136,0.00044972504838369787,-1.4717416763305664,55.145137786865234,0.0264,0.057412561029195786
36,0,4,0,-0.0031346480827778578,0.0005224652704782784,-2.291207790374756,45.09423065185547,0.0311,0.13859052956104279
37,0,4,1,-0.0033248222898691893,0.001598196686245501,0.3908402621746063,9.08790111541748,0.0255,0.12684513628482819
38,0,4,2,-0.002225031377747655,0.003094926243647933,0.6529707908630371,3.0442023277282715,0.0024,0.46855324506759644
39,0,4,3,0.0001525232510175556,0.003494896460324526,-0.13457107543945312,2.23681378364563,0.0,0.455160528421402
40,0,4,4,0.0012267883867025375,0.0032589398324489594,-0.3923015296459198,2.650233030319214,0.0001,0.43539586663246155
41,0,4,5,0.00022093024745117873,0.003493622876703739,-0.16197790205478668,2.2325148582458496,0.0001,0.459677517414093
42,0,4,6,-0.002169762970879674,0.0031393859535455704,0.662528395652771,3.0120162963867188,0.0026,0.47773441672325134
43,0,4,7,-0.003315866459161043,0.0016213193302974105,0.6555107831954956,9.70017147064209,0.0259,0.14738857746124268
44,0,4,8,-0.0031286044977605343,0.0005202991887927055,-2.599616289138794,48.39659118652344,0.0295,0.16030064225196838
45,0,5,0,-0.003121694317087531,0.0004574367485474795,-2.4739115238189697,53.00293731689453,0.0271,0.1343366801738739
46,0,5,1,-0.0033022407442331314,0.0013942316872999072,0.014344514347612858,10.81454849243164,0.0347,0.09248705953359604
47,0,5,2,-0.0026659586001187563,0.0028176407795399427,0.8400187492370605,3.7814440727233887,0.0053,0.4510529339313507
48,0,5,3,-0.0007674754597246647,0.003506242297589779,0.16140013933181763,2.166538715362549,0.0,0.4735894799232483
49,0,5,4,0.00021170520631130785,0.003474192228168249,-0.1318683922290802,2.226797580718994,0.0,0.456884503364563
50,0,5,5,-0.0007009730907157063,0.003519210498780012,0.13018417358398438,2.147361993789673,0.0003,0.47358009219169617
51,0,5,6,-0.002628450747579336,0.0028346176259219646,0.8559038043022156,3.800978183746338,0.0052,0.45582249760627747
52,0,5,7,-0.0033165905624628067,0.0014058002270758152,0.21610812842845917,11.476188659667969,0.0336,0.09120647609233856
53,0,5,8,-0.0031165354885160923,0.0004749832150992006,-1.5876567363739014,55.398319244384766,0.0266,0.0635516420006752
54,0,6,0,-0.00310543947853148,0.00036124748294241726,-0.7398356795310974,58.1877555847168,0.0209,0.02659248188138008
55,0,6,1,-0.003205955494195223,0.0008664624183438718,-1.0152145624160767,22.798654556274414,0.0344,0.08906932175159454
56,0,6,2,-0.0032133576460182667,0.0019257377134636045,0.9087339043617249,7.465014934539795,0.0244,0.24458053708076477
57,0,6,3,-0.0026150743942707777,0.002853876445442438,0.8161032795906067,3.668588399887085,0.0051,0.4541323184967041
58,0,6,4,-0.0021593335550278425,0.0031832545064389706,0.6256722211837769,2.8771145343780518,0.0019,0.483632355928421
59,0,6,5,-0.002622725907713175,0.0028568110428750515,0.7858485579490662,3.623629331588745,0.004,0.44639167189598083
60,0,6,6,-0.003252102294936776,0.001951000653207302,0.8421832323074341,7.255175590515137,0.0235,0.23559355735778809
61,0,6,7,-0.003211548551917076,0.0008967547910287976,-0.9871613383293152,22.41592025756836,0.0356,0.0880841612815857
62,0,6,8,-0.003102654591202736,0.00037224922562018037,0.7368046641349792,66.28343963623047,0.0209,0.023277021944522858
63,0,7,0,-0.003097260370850563,0.0003136257000733167,2.5725255012512207,47.65882110595703,0.0177,0.1598421335220337
64,0,7,1,-0.003122593741863966,0.00045684908400289714,-3.1151342391967773,56.23310470581055,0.026,0.19035160541534424
65,0,7,2,-0.0032151846680790186,0.0009092508698813617,-1.0535622835159302,20.871572494506836,0.0368,0.10109412670135498
66,0,7,3,-0.003291833447292447,0.0014031428145244718,0.3240799903869629,11.47104263305664,0.0335,0.09633193910121918
67,0,7,4,-0.003304966725409031,0.0016385683557018638,0.5265674591064453,8.784701347351074,0.0254,0.14539746940135956
68,0,7,5,-0.00331272860057652,0.0014237157301977277,0.07830248028039932,10.62315845489502,0.0342,0.09471112489700317
69,0,7,6,-0.003214753232896328,0.0009179922635667026,-0.981457531452179,21.081045150756836,0.037,0.09312910586595535
70,0,7,7,-0.003120381385087967,0.00047205560258589685,-1.739617943763733,57.91242980957031,0.0264,0.06952343136072159
71,0,7,8,-0.003096141153946519,0.00031608249992132187,1.864782452583313,66.45957946777344,0.0174,0.06737048178911209
72,0,8,0,-0.003093746257945895,0.0002924641012214124,5.102877616882324,35.92427444458008,0.0166,0.7526766061782837
73,0,8,1,-0.003096486208960414,0.00031090553966350853,2.6272315979003906,53.115848541259766,0.0173,0.14877566695213318
74,0,8,2,-0.0031072162091732025,0.0003729529562406242,-1.1776249408721924,63.37260437011719,0.0215,0.03766297176480293
75,0,8,3,-0.0031296126544475555,0.0004882178909610957,-2.565173387527466,51.87124252319336,0.0289,0.14613327383995056
76,0,8,4,-0.0031367260962724686,0.0005224946653470397,-2.634739875793457,43.83741760253906,0.0318,0.18116609752178192
77,0,8,5,-0.0031270193867385387,0.000494954118039459,-2.8165857791900635,52.19285202026367,0.0279,0.17115667462348938
78,0,8,6,-0.0031062797643244267,0.00036099046701565385,-0.7445765733718872,55.66554260253906,0.0212,0.027923813089728355
79,0,8,7,-0.003096649656072259,0.0003110401739832014,2.6003177165985107,54.05404281616211,0.0175,0.14359058439731598
80,0,8,8,-0.0030942081939429045,0.00029510393505916,4.742712497711182,37.68804931640625,0.0167,0.62336266040802
81,1,0,0,-0.0030949097126722336,0.00029867864213883877,4.340315818786621,38.47907257080078,0.017,0.5155618190765381
82,1,0,1,-0.003128207754343748,0.00047810826799832284,-3.0029220581054688,51.086524963378906,0.0278,0.19608968496322632
83,1,0,2,-0.0031960271298885345,0.0008814310422167182,-0.47929394245147705,24.45990753173828,0.0337,0.050275035202503204
84,1,0,3,-0.0032784740906208754,0.0014476266223937273,0.37444403767585754,11.72822380065918,0.0354,0.09721918404102325
85,1,0,4,-0.003283059224486351,0.0016559516079723835,0.6489301919937134,9.014415740966797,0.0274,0.15764863789081573
86,1,0,5,-0.003292374312877655,0.0014137800317257643,0.2754638195037842,11.461292266845703,0.0337,0.09387076646089554
87,1,0,6,-0.0032133322674781084,0.000889542221557349,-1.3049631118774414,21.007404327392578,0.0356,0.1286655217409134
88,1,0,7,-0.0031258126255124807,0.0004780685412697494,-3.191901445388794,54.2923698425293,0.027,0.2060738056898117
89,1,0,8,-0.003095986321568489,0.0003135517181362957,2.900512933731079,51.57775115966797,0.0174,0.1825006902217865
90,1,1,0,-0.003118665423244238,0.0004344272310845554,-2.2348480224609375,56.021663665771484,0.025,0.1070040613412857
91,1,1,1,-0.003249800531193614,0.0012423427542671561,0.015554239973425865,13.728219032287598,0.0386,0.07286027818918228
92,1,1,2,-0.00286318501457572,0.002567826770246029,0.9301323294639587,4.603321552276611,0.0074,0.40517398715019226
93,1,1,3,-0.0014412194723263383,0.0034273043274879456,0.38312384486198425,2.382153034210205,0.0008,0.48140645027160645
94,1,1,4,-0.0006321645923890173,0.003539933357387781,0.1224580705165863,2.1347711086273193,0.0004,0.47545889019966125
95,1,1,5,-0.0014564289012923837,0.003423874732106924,0.3683534562587738,2.3351428508758545,0.0003,0.48634466528892517
96,1,1,6,-0.0028675408102571964,0.0025663860142230988,0.9208318591117859,4.5283074378967285,0.0075,0.40808433294296265
97,1,1,7,-0.0032443904783576727,0.00124972069170326,0.16364701092243195,14.159113883972168,0.039,0.0725172758102417
98,1,1,8,-0.0031208607833832502,0.000462428288301453,-2.820979595184326,59.06258010864258,0.026,0.15166838467121124
99,1,2,0,-0.0031956664752215147,0.0008327653631567955,-1.0138217210769653,25.399667739868164,0.0316,0.07983704656362534
100,1,2,1,-0.002921534236520529,0.00254019140265882,0.9354521632194519,4.701962947845459,0.0087,0.39878469705581665
101,1,2,2,0.00017364016093779355,0.003563700942322612,-0.11446604877710342,2.1730551719665527,0.0,0.46621114015579224
102,1,2,3,0.0026906088460236788,0.00297143985517323,-0.6497134566307068,3.801802396774292,0.0078,0.37406668066978455
103,1,2,4,0.0033194602001458406,0.0027377253863960505,-0.5771773457527161,4.273221969604492,0.0099,0.31197389960289
104,1,2,5,0.002714729169383645,0.0029806361999362707,-0.6994550228118896,3.885939359664917,0.0088,0.38323739171028137
105,1,2,6,0.00020548315660562366,0.003561984281986952,-0.1258237659931183,2.2032148838043213,0.0,0.4610678553581238
106,1,2,7,-0.0028863961342722178,0.0025276574306190014,0.9446816444396973,4.698921203613281,0.0087,0.40273571014404297
107,1,2,8,-0.003207244211807847,0.0008796785841695964,-0.9847057461738586,23.576826095581055,0.0332,0.08354158699512482
108,1,3,0,-0.003298206254839897,0.0013452228158712387,0.00394756905734539,11.897506713867188,0.0385,0.08405253291130066
109,1,3,1,-0.0015345824649557471,0.0033844339195638895,0.4160124659538269,2.4024808406829834,0.0006,0.48827293515205383
110,1,3,2,0.002662019105628133,0.002972023794427514,-0.6700220108032227,3.8202812671661377,0.0085,0.379272997379303
111,1,3,3,0.00412618275731802,0.002451993292197585,-0.13148291409015656,3.655238389968872,0.0075,0.27830955386161804
112,1,3,4,0.0043219937942922115,0.0024053561501204967,0.04580557718873024,2.847191095352173,0.0029,0.35196030139923096
113,1,3,5,0.004130922723561525,0.0024650434497743845,-0.10773894935846329,3.4652059078216553,0.0063,0.2919329106807709
114,1,3,6,0.0026999611873179674,0.002981484169140458,-0.6796889901161194,3.7970120906829834,0.0073,0.38503357768058777
115,1,3,7,-0.001453032367862761,0.003391814883798361,0.38877108693122864,2.3969926834106445,0.0004,0.4802446663379669
116,1,3,8,-0.003276760457083583,0.0013196223881095648,0.16830593347549438,12.542937278747559,0.0358,0.08198453485965729
117,1,4,0,-0.0033229049295186996,0.001552366535179317,0.3171555995941162,9.400059700012207,0.0285,0.11708305776119232
118,1,4,1,-0.0007739010616205633,0.003525713924318552,0.15679048001766205,2.1668620109558105,0.0002,0.47284191846847534
119,1,4,2,0.003281752113252878,0.002672719769179821,-0.5591115951538086,4.163559436798096,0.009,0.31526046991348267
120,1,4,3,0.004339797887951136,0.002407456049695611,0.05923544988036156,2.9231717586517334,0.0028,0.34329450130462646
121,1,4,4,0.004426914732903242,0.0024434116203337908,0.043049752712249756,2.719283103942871,0.0018,0.36842548847198486
122,1,4,5,0.004354135598987341,0.002413419308140874,0.022760873660445213,2.8361151218414307,0.003,0.3527776598930359
123,1,4,6,0.00330907478928566,0.0027102287858724594,-0.6344358325004578,4.315431594848633,0.0117,0.32499852776527405
124,1,4,7,-0.0006709548179060221,0.003535012947395444,0.12787826359272003,2.155640125274658,0.0,0.4714854061603546
125,1,4,8,-0.0033441761042922735,0.0015775668434798717,0.4118916094303131,9.461734771728516,0.0269,0.12361948192119598
126,1,5,0,-0.0033009257167577744,0.0013501113280653954,0.052190374583005905,11.509390830993652,0.0356,0.08712223172187805
127,1,5,1,-0.001521292724646628,0.0033764878753572702,0.4126187860965729,2.461432456970215,0.001,0.475436270236969
128,1,5,2,0.0026255317497998476,0.0029571838676929474,-0.6348972320556641,3.712783098220825,0.0066,0.3779090940952301
129,1,5,3,0.0041207303293049335,0.0024133455008268356,-0.0760592669248581,3.616771936416626,0.0071,0.27808913588523865
130,1,5,4,0.004348392132669687,0.0024159487802535295,0.031275562942028046,2.859245777130127,0.0024,0.35008466243743896
131,1,5,5,0.004140547011047602,0.0024608212988823652,-0.13468191027641296,3.5094754695892334,0.0056,0.2901115119457245
132,1,5,6,0.002687274944037199,0.002975684590637684,-0.651188313961029,3.748168706893921,0.0079,0.3799312114715576
133,1,5,7,-0.0014181564329192042,0.0033950998913496733,0.39434900879859924,2.3882648944854736,0.001,0.48382872343063354
134,1,5,8,-0.003326540347188711,0.0013684367295354605,0.021513741463422775,11.587997436523438,0.0345,0.08633613586425781
135,1,6,0,-0.003204002045094967,0.0008604443282820284,-1.3346478939056396,22.63995933532715,0.0349,0.1228485032916069
136,1,6,1,-0.0029028835706412792,0.0025502918288111687,0.936953604221344,4.616674423217773,0.0075,0.4067607522010803
137,1,6,2,0.00014369570999406278,0.0035465278197079897,-0.11714611947536469,2.218827962875366,0.0,0.4568732976913452
138,1,6,3,0.0026533324271440506,0.002939402824267745,-0.6270336508750916,3.79459810256958,0.0071,0.36714592576026917
139,1,6,4,0.0033077429980039597,0.0026798550970852375,-0.5424036383628845,4.174103736877441,0.0098,0.3100549876689911
140,1,6,5,0.002692288486286998,0.0029841039795428514,-0.6380236148834229,3.7777838706970215,0.0082,0.37246018648147583
141,1,6,6,0.00022531836293637753,0.003583744866773486,-0.13623833656311035,2.2056100368499756,0.0001,0.46180459856987
142,1,6,7,-0.002867308910936117,0.002561127068474889,0.9471898674964905,4.665497779846191,0.0071,0.4066379964351654
143,1,6,8,-0.003207896137610078,0.0008813755703158677,-1.3133820295333862,22.831289291381836,0.0359,0.11935253441333771
144,1,7,0,-0.003121772315353155,0.00046322960406541824,-2.633925676345825,54.46158218383789,0.0263,0.1457461267709732
145,1,7,1,-0.0032434731256216764,0.0012434455566108227,0.22218859195709229,14.080232620239258,0.0393,0.07452773302793503
146,1,7,2,-0.0028638062067329884,0.002562712412327528,0.9361845850944519,4.531856060028076,0.0068,0.41405585408210754
147,1,7,3,-0.0014210119843482971,0.003426831681281328,0.37621742486953735,2.371220588684082,0.0005,0.4814143180847168
148,1,7,4,-0.0006163787329569459,0.0035833839792758226,0.11395498365163803,2.1246747970581055,0.0,0.47677212953567505
149,1,7,5,-0.0013683815486729145,0.003451302647590637,0.34465211629867554,2.2948172092437744,0.0001,0.48752692341804504
150,1,7,6,-0.0028377948328852654,0.0025732722133398056,0.9525992274284363,4.579309940338135,0.0072,0.41653552651405334
151,1,7,7,-0.0032428924459964037,0.001247549313120544,0.2403780221939087,14.050539016723633,0.0391,0.07528405636548996
152,1,7,8,-0.003121379530057311,0.0004641097621060908,-2.110462188720703,56.89716720581055,0.0262,0.09585803002119064
153,1,8,0,-0.003097416600212455,0.00031845076591707766,1.7850500345230103,57.57313919067383,0.0175,0.07271452248096466
154,1,8,1,-0.0031228759326040745,0.00046820921124890447,-3.190171003341675,55.7137451171875,0.0264,0.2006181925535202
155,1,8,2,-0.003191114868968725,0.0008645930211059749,-0.5943943858146667,24.79758644104004,0.033,0.05457404628396034
156,1,8,3,-0.0033011198975145817,0.0014078731182962656,0.22715483605861664,11.016434669494629,0.0345,0.09545731544494629
157,1,8,4,-0.003315861104056239,0.0016509408596903086,0.5432219505310059,8.979185104370117,0.0264,0.14423246681690216
158,1,8,5,-0.003283743280917406,0.00141055672429502,0.31169867515563965,10.973167419433594,0.0343,0.09998535364866257
159,1,8,6,-0.0031959465704858303,0.0009011212387122214,-0.5940226316452026,21.849891662597656,0.0369,0.06191622465848923
160,1,8,7,-0.003119387896731496,0.0004517211636994034,-2.0905778408050537,53.80859375,0.0267,0.09980776906013489
161,1,8,8,-0.003095407970249653,0.00030637194868177176,3.430290937423706,48.37830352783203,0.0173,0.2638971507549286
162,2,0,0,-0.0031079326290637255,0.0003730146854650229,-1.591556191444397,63.271305084228516,0.0211,0.05583970621228218
163,2,0,1,-0.0031998353078961372,0.0008884055423550308,-0.829124391078949,22.705543518066406,0.0351,0.07431873679161072
164,2,0,2,-0.0032537400256842375,0.0019698659889400005,0.9066217541694641,7.509453773498535,0.0235,0.24262258410453796
165,2,0,3,-0.0026942328549921513,0.0028524415101855993,0.8077983856201172,3.77085280418396,0.0051,0.4382399320602417
166,2,0,4,-0.0022224432323127985,0.003141423687338829,0.6545373797416687,3.014094829559326,0.0024,0.47391313314437866
167,2,0,5,-0.0026729328092187643,0.002843168331310153,0.8290529251098633,3.7690508365631104,0.0056,0.4476800262928009
168,2,0,6,-0.0032293032854795456,0.001913247862830758,0.8287379741668701,7.341100692749023,0.0234,0.22977571189403534
169,2,0,7,-0.003209690097719431,0.0008576288819313049,-1.2894903421401978,21.981843948364258,0.0354,0.1211356669664383
170,2,0,8,-0.003104202914983034,0.00036219306639395654,-0.5095154047012329,68.34358978271484,0.0198,0.018430490046739578
171,2,1,0,-0.0032059650402516127,0.0008671035757288337,-1.3740512132644653,23.13475227355957,0.0328,0.1248345598578453
172,2,1,1,-0.0028922453057020903,0.0025339003186672926,0.9576348662376404,4.820550918579102,0.0088,0.3976857662200928
173,2,1,2,0.00015384383732452989,0.003608724568039179,-0.1333024501800537,2.164428949356079,0.0,0.47022545337677
174,2,1,3,0.0026824038941413164,0.002954176627099514,-0.6665531992912292,3.8253374099731445,0.0086,0.3775596618652344
175,2,1,4,0.0033161467872560024,0.002690318040549755,-0.6276454925537109,4.332647800445557,0.0104,0.3217290937900543
176,2,1,5,0.002721101511269808,0.00290688406676054,-0.6780630350112915,3.9004204273223877,0.0082,0.3742595314979553
177,2,1,6,0.0001259838609257713,0.003549478016793728,-0.10759618878364563,2.16068172454834,0.0001,0.46817487478256226
178,2,1,7,-0.0028938648756593466,0.0025552664883434772,0.9681721925735474,4.734335899353027,0.0087,0.40921419858932495
179,2,1,8,-0.003205621615052223,0.0008596588741056621,-1.2309924364089966,22.36678695678711,0.035,0.11245881021022797
180,2,2,0,-0.003286593360826373,0.0018343986012041569,0.7893280386924744,7.984771251678467,0.0239,0.20326678454875946
181,2,2,1,9.688258433016017e-05,0.0035911290906369686,-0.11148025840520859,2.169818878173828,0.0001,0.46659553050994873
182,2,2,2,0.003739431267604232,0.0026483761612325907,-0.39103469252586365,4.183650970458984,0.0085,0.27557462453842163
183,2,2,3,0.004588176496326923,0.002536105690523982,0.04853597283363342,2.86607027053833,0.0023,0.3497317135334015
184,2,2,4,0.004606254398822784,0.002587159862741828,0.04700140655040741,2.7563600540161133,0.0011,0.3635987937450409
185,2,2,5,0.0045930854976177216,0.002530884463340044,0.01823395863175392,2.8356428146362305,0.0027,0.35277098417282104
186,2,2,6,0.003791229333728552,0.0025840250309556723,-0.3578556478023529,4.119117736816406,0.0095,0.27385979890823364
187,2,2,7,0.00011097948299720883,0.0035916187334805727,-0.1337556540966034,2.1793816089630127,0.0001,0.4670547544956207
188,2,2,8,-0.0032569244503974915,0.0018606064841151237,0.869004487991333,7.784717082977295,0.0245,0.225463405251503
189,2,3,0,-0.002802832517772913,0.0027396974619477987,0.8478991389274597,4.076342582702637,0.0062,0.4216850697994232
190,2,3,1,0.002638966077938676,0.0029762685298919678,-0.6748037338256836,3.7528953552246094,0.0072,0.3877966105937958
191,2,3,2,0.004609885159879923,0.0025260369293391705,0.06093203276395798,2.8644182682037354,0.0028,0.3504071533679962
192,2,3,3,0.00436671357601881,0.0026595534291118383,0.04494940862059593,2.712841510772705,0.0014,0.3693619668483734
193,2,3,4,0.003926977980881929,0.0027208300307393074,-0.024911707267165184,2.742550849914551,0.0013,0.36485034227371216
194,2,3,5,0.0043479143641889095,0.0026130506303161383,-0.02219960279762745,2.728071928024292,0.0014,0.3667398989200592
195,2,3,6,0.0045641646720469,0.0025132254231721163,0.03532738611102104,2.9236443042755127,0.0026,0.34246572852134705
196,2,3,7,0.002641623606905341,0.0029684251639992,-0.7055267691612244,3.8255460262298584,0.0091,0.3915174603462219
197,2,3,8,-0.0027149287052452564,0.0027457629330456257,0.8971555829048157,4.047124862670898,0.0067,0.44596800208091736
198,2,4,0,-0.002365430584177375,0.003050081664696336,0.7026593685150146,3.1664016246795654,0.0023,0.47174376249313354
199,2,4,1,0.003259651130065322,0.002716375282034278,-0.6334797143936157,4.2998857498168945,0.0108,0.3258915841579437
200,2,4,2,0.004639941733330488,0.0025833696126937866,0.0443204902112484,2.750051498413086,0.0011,0.3643438518047333
201,2,4,3,0.0040024821646511555,0.002720590215176344,-0.01426523458212614,2.808382034301758,0.0016,0.3561493754386902
202,2,4,4,0.0032804470974951982,0.002850800985470414,-0.07673601061105728,2.8444135189056396,0.0019,0.3536365032196045
203,2,4,5,0.003946682903915644,0.0026885929983109236,-0.04204801097512245,2.6884562969207764,0.0008,0.37261828780174255
204,2,4,6,0.004626820329576731,0.002530574332922697,0.013765690848231316,2.6759591102600098,0.0007,0.3737686276435852
205,2,4,7,0.00328608020208776,0.002677295356988907,-0.6343241930007935,4.352421283721924,0.0099,0.3222039043903351
206,2,4,8,-0.0023147028405219316,0.003071774495765567,0.6770191192626953,3.161621570587158,0.0032,0.46126803755760193
207,2,5,0,-0.0027706832624971867,0.002730228006839752,0.8658282160758972,4.089430809020996,0.0065,0.4278489351272583
208,2,5,1,0.0026000055950134993,0.0029777514282613993,-0.6587596535682678,3.7304394245147705,0.0063,0.3843955397605896
209,2,5,2,0.0045807138085365295,0.002533343154937029,0.07444466650485992,2.91878604888916,0.0027,0.3445069491863251
210,2,5,3,0.00439041294157505,0.0026595306117087603,-0.0027420755941420794,2.809518814086914,0.0012,0.3559355139732361
211,2,5,4,0.003975003492087126,0.0027445373125374317,-0.014997219666838646,2.769073963165283,0.0012,0.3612127900123596
212,2,5,5,0.004355682525783777,0.0026307650841772556,0.003189332317560911,2.682612895965576,0.0009,0.3727746605873108
213,2,5,6,0.004567282274365425,0.0024944732431322336,0.03397185727953911,2.760026454925537,0.0026,0.36273351311683655
214,2,5,7,0.0026388776022940874,0.0029926321003586054,-0.7324074506759644,3.867798328399658,0.0085,0.3972339332103729
215,2,5,8,-0.0027412979397922754,0.002735084155574441,0.8587121963500977,4.0506696701049805,0.0063,0.4289134442806244
216,2,6,0,-0.0032734177075326443,0.0018573047127574682,0.7919668555259705,7.776352405548096,0.0242,0.209251269698143
217,2,6,1,8.22020519990474e-05,0.003567390376701951,-0.09033238887786865,2.1775357723236084,0.0,0.46298205852508545
218,2,6,2,0.003769039176404476,0.0026325953658670187,-0.31756699085235596,4.1663947105407715,0.0093,0.2642209529876709
219,2,6,3,0.004573575686663389,0.0025567158591002226,0.06834877282381058,2.916857957839966,0.0029,0.3444362282752991
220,2,6,4,0.004644718021154404,0.002603755332529545,0.04175373911857605,2.8635449409484863,0.0026,0.34982630610466003
221,2,6,5,0.0045824917033314705,0.002548056421801448,0.0521571971476078,2.863269805908203,0.0026,0.3502011299133301
222,2,6,6,0.0037613518070429564,0.002591940574347973,-0.3530382812023163,4.111630916595459,0.0082,0.27352553606033325
223,2,6,7,0.0001079702124116011,0.0035987889859825373,-0.13221710920333862,2.1569719314575195,0.0001,0.4717174768447876
224,2,6,8,-0.003275335766375065,0.0019058111356571317,0.8481195569038391,7.639282703399658,0.0254,0.22506128251552582
225,2,7,0,-0.003209598595276475,0.0008752057328820229,-1.1457349061965942,22.760997772216797,0.0351,0.10160838812589645
226,2,7,1,-0.0028942839708179235,0.002553310478106141,0.9187389612197876,4.54469633102417,0.008,0.405765563249588
227,2,7,2,0.0001797681034076959,0.003561310237273574,-0.11111131310462952,2.209017276763916,0.0002,0.45827874541282654
228,2,7,3,0.0026797179598361254,0.002954539842903614,-0.5862392783164978,3.733102321624756,0.0069,0.35993561148643494
229,2,7,4,0.0032648853957653046,0.0027416443917900324,-0.5980280637741089,4.398212909698486,0.0105,0.30867934226989746
230,2,7,5,0.0026713318657130003,0.0029868080746382475,-0.6336870789527893,3.6510791778564453,0.0065,0.38387537002563477
231,2,7,6,0.0001666954340180382,0.0035961996763944626,-0.15197432041168213,2.1722772121429443,0.0,0.47097864747047424
232,2,7,7,-0.0028685186989605427,0.0025493393186479807,0.9745298624038696,4.745988845825195,0.009,0.4108118414878845
233,2,7,8,-0.003207010217010975,0.0008646741043776274,-1.2661648988723755,22.541290283203125,0.0339,0.11548466980457306
234,2,8,0,-0.003108563832938671,0.0003807217290159315,-1.6017231941223145,63.06671142578125,0.0214,0.05653564631938934
235,2,8,1,-0.00319966534152627,0.0008920131949707866,-0.8055734634399414,23.207962036132812,0.0347,0.0710509866476059
236,2,8,2,-0.003259052988141775,0.0018894259119406343,0.8207964897155762,7.3395586013793945,0.0242,0.22803917527198792
237,2,8,3,-0.0026699763257056475,0.0028440116439014673,0.7996794581413269,3.7149925231933594,0.0046,0.4413164258003235
238,2,8,4,-0.0021876906976103783,0.0031584391836076975,0.5993711948394775,2.8793158531188965,0.0019,0.4720724821090698
239,2,8,5,-0.0026494364719837904,0.0028505371883511543,0.8049960136413574,3.6418709754943848,0.0037,0.4525197744369507
240,2,8,6,-0.0032286953646689653,0.0019408647203817964,0.8846589922904968,7.212839126586914,0.0241,0.2471456080675125
241,2,8,7,-0.003191134426742792,0.0008885273709893227,-0.7136961817741394,21.784072875976562,0.0365,0.06928741931915283
242,2,8,8,-0.0031079237814992666,0.00038145840517245233,-1.2057501077651978,59.418357849121094,0.0216,0.041297562420368195
243,3,0,0,-0.0031310368794947863,0.0004891592543572187,-3.4391214847564697,51.83945846557617,0.0281,0.24744772911071777
244,3,0,1,-0.0032844501547515392,0.0013765101321041584,0.3977976441383362,12.387567520141602,0.0331,0.09350043535232544
245,3,0,2,-0.002649999223649502,0.0028201162349432707,0.8148990869522095,3.7921769618988037,0.0053,0.43881407380104065
246,3,0,3,-0.0007814521668478847,0.003493488999083638,0.15283311903476715,2.156643867492676,0.0002,0.4745141267776489
247,3,0,4,0.0001632242347113788,0.0034677416551858187,-0.13956817984580994,2.242504119873047,0.0,0.4546164572238922
248,3,0,5,-0.0008035142091102898,0.003507158951833844,0.14887268841266632,2.148174524307251,0.0,0.4758286774158478
249,3,0,6,-0.0026813826989382505,0.0027832165360450745,0.8427389860153198,3.8282594680786133,0.0061,0.4467327892780304
250,3,0,7,-0.0032818568870425224,0.0013869131216779351,0.21240827441215515,11.573308944702148,0.0359,0.09030409902334213
251,3,0,8,-0.003129253862425685,0.0004925391986034811,-3.1356256008148193,51.67112731933594,0.0278,0.2096363753080368
252,3,1,0,-0.003314731176942587,0.0014056211803108454,0.11636144667863846,11.02735424041748,0.0334,0.0919114425778389
253,3,1,1,-0.0014575542882084846,0.003407125361263752,0.4069364368915558,2.379676580429077,0.0002,0.48981329798698425
254,3,1,2,0.0026263250038027763,0.002966303611174226,-0.6209815144538879,3.7069289684295654,0.0073,0.37379133701324463
255,3,1,3,0.004156412556767464,0.0024256573524326086,-0.07198626548051834,3.4307613372802734,0.0063,0.29299095273017883
256,3,1,4,0.004360319580882788,0.0023849664721637964,0.06641442328691483,2.8209633827209473,0.0025,0.356052428483963
257,3,1,5,0.004153452813625336,0.002381367376074195,-0.06134774163365364,3.3735086917877197,0.0061,0.29754289984703064
258,3,1,6,0.0026666142512112856,0.0029086139984428883,-0.6921558380126953,3.9627082347869873,0.0092,0.37324970960617065
259,3,1,7,-0.001543043414130807,0.0033874916844069958,0.3936305046081543,2.4097752571105957,0.0004,0.4792749881744385
260,3,1,8,-0.0032800165936350822,0.0013521864311769605,0.2663627564907074,11.984572410583496,0.0362,0.08936063945293427
261,3,2,0,-0.002764861099421978,0.002744957571849227,0.8718492388725281,4.028588771820068,0.006,0.4369076192378998
262,3,2,1,0.002608790760859847,0.0029972256161272526,-0.665030300617218,3.79721999168396,0.0074,0.3798213601112366
263,3,2,2,0.004576089791953564,0.0025205211713910103,0.07642331719398499,2.8151938915252686,0.0021,0.35728996992111206
264,3,2,3,0.004355927929282188,0.0026500488165766,0.008406948298215866,2.6129348278045654,0.0007,0.38273847103118896
265,3,2,4,0.0039651351980865,0.0027434818912297487,-0.03250367194414139,2.638296604156494,0.0008,0.3794328570365906
266,3,2,5,0.0043550897389650345,0.002647268120199442,0.0018066579941660166,2.661644220352173,0.0007,0.37570881843566895
267,3,2,6,0.0045523145236074924,0.002527774078771472,0.0707375705242157,2.772968292236328,0.0027,0.3624288737773895
268,3,2,7,0.002622853498905897,0.002938974415883422,-0.6865895986557007,3.825932025909424,0.0089,0.3845874071121216
269,3,2,8,-0.0027454642113298178,0.0027587139047682285,0.8786247968673706,4.012161731719971,0.0063,0.4416525661945343
270,3,3,0,-0.0009577663149684668,0.0034786451142281294,0.22252002358436584,2.2283501625061035,0.0004,0.47098302841186523
271,3,3,1,0.0040886541828513145,0.002435601083561778,-0.06905072182416916,3.5751750469207764,0.0061,0.281040221452713
272,3,3,2,0.004362018313258886,0.0026188043411821127,-0.008324890397489071,2.7702012062072754,0.0015,0.3610095977783203
273,3,3,3,0.0020535702351480722,0.002908174181357026,-0.041885536164045334,2.6602325439453125,0.0008,0.37656646966934204
274,3,3,4,0.00040362769505009055,0.0031174735631793737,-0.03892333805561066,2.580862045288086,0.0005,0.3880544602870941
275,3,3,5,0.0020510153844952583,0.0029147695749998093,-0.05052845925092697,2.6319193840026855,0.0002,0.3809208869934082
276,3,3,6,0.004325932823121548,0.002620984800159931,-0.006377549842000008,2.6844139099121094,0.0007,0.37253594398498535
277,3,3,7,0.00408252514898777,0.0024039989802986383,-0.08500058948993683,3.4676811695098877,0.0065,0.2904607057571411
278,3,3,8,-0.0009176469757221639,0.003489698050543666,0.19268326461315155,2.1925101280212402,0.0,0.4730316996574402
279,3,4,0,1.6059953850344755e-05,0.003478136146441102,-0.0641431212425232,2.1842310428619385,0.0001,0.4597107172012329
280,3,4,1,0.004273831844329834,0.002448683837428689,-0.005778913386166096,2.8796546459198,0.0026,0.3472754657268524
281,3,4,2,0.003953647334128618,0.0026735453866422176,-0.007576711941510439,2.7712533473968506,0.0015,0.36086830496788025
282,3,4,3,0.0004506631230469793,0.003101188689470291,-0.012909837067127228,2.6289265155792236,0.0008,0.38044679164886475
283,3,4,4,-0.0019204536220058799,0.0032083450350910425,0.05606486275792122,2.6649744510650635,0.0012,0.3764176070690155
284,3,4,5,0.0004092675808351487,0.003106148447841406,-0.0002812859893310815,2.6171395778656006,0.0007,0.3820965886116028
285,3,4,6,0.003928124438971281,0.0026630209758877754,-0.02559009939432144,2.7052080631256104,0.001,0.3698993921279907
286,3,4,7,0.004277697764337063,0.0023901730310171843,0.01408625952899456,2.9637644290924072,0.0032,0.33747565746307373
287,3,4,8,3.737031511263922e-05,0.0034474218264222145,-0.08578793704509735,2.1825757026672363,0.0001,0.46154624223709106
288,3,5,0,-0.0009427657350897789,0.003494109259918332,0.21059630811214447,2.1735661029815674,0.0002,0.48047807812690735
289,3,5,1,0.00409565819427371,0.002435076516121626,-0.12235195189714432,3.384760856628418,0.0065,0.29986459016799927
290,3,5,2,0.004360973834991455,0.002633335767313838,-0.006431932095438242,2.7343814373016357,0.001,0.36572855710983276
291,3,5,3,0.0020959835965186357,0.0029433018062263727,-0.06623512506484985,2.7337186336517334,0.0014,0.3674069046974182
292,3,5,4,0.00045188647345639765,0.003126340452581644,0.004306437913328409,2.59291410446167,0.0005,0.3856736421585083
293,3,5,5,0.00207152240909636,0.002938526915386319,-0.043588824570178986,2.716254472732544,0.0012,0.36885350942611694
294,3,5,6,0.004320107400417328,0.0026103234849870205,0.01034852396696806,2.7338497638702393,0.0009,0.3658237159252167
295,3,5,7,0.0041189901530742645,0.0023725673090666533,-0.07841778546571732,3.4295644760131836,0.0059,0.2933752238750458
296,3,5,8,-0.0009251238079741597,0.003461971879005432,0.20003269612789154,2.1933846473693848,0.0001,0.47415900230407715
297,3,6,0,-0.002770340535789728,0.002763801719993353,0.8586335182189941,4.009658336639404,0.0065,0.4332667291164398
298,3,6,1,0.0026269450318068266,0.0029465453699231148,-0.6623448133468628,3.7507946491241455,0.0069,0.38357222080230713
299,3,6,2,0.004585418850183487,0.0025485281366854906,0.08642776310443878,2.850100040435791,0.0024,0.35348576307296753
300,3,6,3,0.004373251460492611,0.002663868246600032,-0.0013647011946886778,2.737347364425659,0.0008,0.3653178811073303
301,3,6,4,0.003956249449402094,0.00276295212097466,-0.020995456725358963,2.765681743621826,0.0021,0.36173388361930847
302,3,6,5,0.004349382594227791,0.00266783288680017,0.023703541606664658,2.7196710109710693,0.0014,0.3678981065750122
303,3,6,6,0.004561613779515028,0.002503231866285205,0.052600257098674774,2.7478280067443848,0.0017,0.3649306893348694
304,3,6,7,0.0026277455035597086,0.0029336821753531694,-0.6824153661727905,3.8378074169158936,0.0085,0.3819083571434021
305,3,6,8,-0.0027732087764889,0.0027483778540045023,0.8807379603385925,4.033133029937744,0.0059,0.44027790427207947
306,3,7,0,-0.003290145192295313,0.0013850927352905273,0.2443578839302063,11.78409194946289,0.036,0.08992722630500793
307,3,7,1,-0.0014864132972434163,0.003394791856408119,0.36243748664855957,2.351560592651367,0.0003,0.48111066222190857
308,3,7,2,0.0026882090605795383,0.0029139695689082146,-0.6220034956932068,3.7699289321899414,0.0083,0.3678818345069885
309,3,7,3,0.004114596173167229,0.002405583392828703,-0.026990996673703194,3.224257707595825,0.0068,0.3103748559951782
310,3,7,4,0.004314605612307787,0.0023981970734894276,0.10747434943914413,2.831409454345703,0.0025,0.35726049542427063
311,3,7,5,0.004108488094061613,0.002422065008431673,-0.06583122909069061,3.4541518688201904,0.0065,0.2907613217830658
312,3,7,6,0.0026645094621926546,0.0029368228279054165,-0.6803863048553467,3.846348762512207,0.0075,0.38034138083457947
313,3,7,7,-0.0015075746923685074,0.0033726785331964493,0.4123165011405945,2.3724887371063232,0.0004,0.4931550621986389
314,3,7,8,-0.003276759060099721,0.0013674140209332108,0.2582665979862213,12.262560844421387,0.0359,0.08698848634958267
315,3,8,0,-0.0031301307026296854,0.0004906923277303576,-3.133854866027832,50.39497756958008,0.0284,0.21472468972206116
316,3,8,1,-0.003302804660052061,0.001401109155267477,0.28953787684440613,11.690896987915039,0.0349,0.09270735830068588
317,3,8,2,-0.00267115980386734,0.0027929821517318487,0.8089017868041992,3.7212226390838623,0.0048,0.4445641338825226
318,3,8,3,-0.0007698365370742977,0.0035238084383308887,0.12806645035743713,2.1728100776672363,0.0,0.46778181195259094
319,3,8,4,0.00020019982184749097,0.0034843420144170523,-0.15517482161521912,2.248621702194214,0.0,0.45542529225349426
320,3,8,5,-0.0007554808398708701,0.0034909755922853947,0.16317103803157806,2.187610387802124,0.0001,0.46929052472114563
321,3,8,6,-0.002692257286980748,0.002825838513672352,0.8352155089378357,3.790287494659424,0.005,0.44787758588790894
322,3,8,7,-0.00328478473238647,0.0014300751499831676,0.35436514019966125,11.242875099182129,0.0358,0.10011447966098785
323,3,8,8,-0.0031240053940564394,0.0004571679455693811,-1.8757480382919312,46.036476135253906,0.0284,0.09814892709255219
324,4,0,0,-0.003140954999253154,0.0005376065382733941,-2.9429097175598145,43.715579986572266,0.0314,0.22099027037620544
325,4,0,1,-0.003323606913909316,0.001604565535672009,0.5142987966537476,9.395519256591797,0.0287,0.13458576798439026
326,4,0,2,-0.002231645630672574,0.003142733359709382,0.6200952529907227,2.9341330528259277,0.0019,0.4718661904335022
327,4,0,3,0.00015369484026450664,0.003457569284364581,-0.13237778842449188,2.247173547744751,0.0,0.4528016448020935
328,4,0,4,0.0011711774859577417,0.0032407506369054317,-0.4247039556503296,2.67214035987854,0.0004,0.44173333048820496
329,4,0,5,0.00012954050907865167,0.0034540214110165834,-0.13912299275398254,2.217106819152832,0.0,0.4597681760787964
330,4,0,6,-0.0022490480914711952,0.0031163499224931,0.6304949522018433,2.939976215362549,0.0019,0.47535210847854614
331,4,0,7,-0.0032958881929516792,0.0016013014828786254,0.5838032960891724,9.58690357208252,0.0296,0.13986019790172577
332,4,0,8,-0.003139257663860917,0.0005474219215102494,-2.7265241146087646,45.180660247802734,0.0319,0.18667131662368774
333,4,1,0,-0.0033086673356592655,0.001564281526952982,0.45793622732162476,9.342236518859863,0.0277,0.1294877976179123
334,4,1,1,-0.0006958821904845536,0.0035450796131044626,0.141514390707016,2.1528360843658447,0.0001,0.47380584478378296
335,4,1,2,0.0033202017657458782,0.0026854027528315783,-0.6018468737602234,4.285695552825928,0.0109,0.317852646112442
336,4,1,3,0.004372669383883476,0.0024119759909808636,0.10492579638957977,2.858652114868164,0.0024,0.3536664843559265
337,4,1,4,0.004455442540347576,0.0024616962764412165,0.0880700871348381,2.6785027980804443,0.0017,0.3762386739253998
338,4,1,5,0.004337701480835676,0.002392394235357642,0.0685897246003151,2.884809732437134,0.0029,0.3482741415500641
339,4,1,6,0.0032938248477876186,0.0026353278663009405,-0.5469772815704346,4.235677719116211,0.0094,0.30672401189804077
340,4,1,7,-0.0007683773874305189,0.003528566798195243,0.12962552905082703,2.104375123977661,0.0002,0.48318514227867126
341,4,1,8,-0.003321117488667369,0.001575790229253471,0.4213603138923645,9.314658164978027,0.0282,0.12641842663288116
342,4,2,0,-0.0023463063407689333,0.003065024735406041,0.7243653535842896,3.2134830951690674,0.0025,0.47447121143341064
343,4,2,1,0.0032822254579514265,0.002736546564847231,-0.5711234211921692,4.204593658447266,0.0099,0.31541261076927185
344,4,2,2,0.004598686005920172,0.002558597130700946,0.039980098605155945,2.744027614593506,0.0015,0.3650102913379669
345,4,2,3,0.003946809563785791,0.0027168774977326393,-0.041971780359745026,2.6518356800079346,0.0012,0.3777616024017334
346,4,2,4,0.0032872066367417574,0.002851732773706317,-0.11772530525922775,2.7030839920043945,0.0014,0.37507501244544983
347,4,2,5,0.003957464825361967,0.0027348091825842857,-0.039159663021564484,2.7445600032806396,0.001,0.3649158775806427
348,4,2,6,0.004597369581460953,0.002584076253697276,0.027669522911310196,2.760469675064087,0.001,0.3625345230102539
349,4,2,7,0.0032550133764743805,0.002682247431948781,-0.5720375776290894,4.183384895324707,0.0094,0.3172615170478821
350,4,2,8,-0.002311148215085268,0.003069078316912055,0.6857437491416931,3.117558479309082,0.0027,0.471601277589798
351,4,3,0,3.881365046254359e-05,0.0034927858505398035,-0.07669937610626221,2.26374888420105,0.0001,0.44434377551078796
352,4,3,1,0.004278702195733786,0.002430734457448125,0.05967196822166443,2.878516435623169,0.0029,0.3486382067203522
353,4,3,2,0.003931592684239149,0.002685968531295657,-0.04126233980059624,2.7146503925323486,0.0011,0.3689987361431122
354,4,3,3,0.00036717188777402043,0.003116714069619775,-0.009151900187134743,2.610074996948242,0.0006,0.38316285610198975
355,4,3,4,-0.0019089070847257972,0.003218997037038207,0.06272069364786148,2.543295383453369,0.0004,0.39473745226860046
356,4,3,5,0.00042302365181967616,0.0031203399412333965,-0.027468306943774223,2.58601713180542,0.0005,0.38698679208755493
357,4,3,6,0.003920703660696745,0.002707611070945859,-0.025398438796401024,2.7837255001068115,0.0016,0.35946252942085266
358,4,3,7,0.004289352335035801,0.0024290415458381176,0.014589049853384495,2.970919370651245,0.0038,0.3366677761077881
359,4,3,8,3.0378338124137372e-05,0.003461173502728343,-0.11364151537418365,2.1578454971313477,0.0,0.4694100618362427
360,4,4,0,0.0010699175763875246,0.003308619372546673,-0.36761048436164856,2.6009771823883057,0.0003,0.4364272952079773
361,4,4,1,0.004377934616059065,0.0024610981345176697,0.09690997004508972,2.6804330348968506,0.0017,0.37657779455184937
362,4,4,2,0.00321777886711061,0.0028479292523115873,-0.03268106281757355,2.721958637237549,0.0009,0.3677748739719391
363,4,4,3,-0.001997049432247877,0.0031823161989450455,0.0784364715218544,2.6260297298431396,0.0007,0.383145809173584
364,4,4,4,-0.005270583555102348,0.0029656735714524984,0.11485454440116882,2.4494094848632812,0.0002,0.41364729404449463
365,4,4,5,-0.0019805659539997578,0.0031904142815619707,0.0818314179778099,2.5939741134643555,0.0004,0.3880903720855713
366,4,4,6,0.003200676292181015,0.0028335615061223507,-0.02065543457865715,2.717552900314331,0.0012,0.36813512444496155
367,4,4,7,0.004348298069089651,0.002410491928458214,0.10428407043218613,2.7017414569854736,0.0009,0.3741568922996521
368,4,4,8,0.0010636909864842892,0.0032839463092386723,-0.40989193320274353,2.5510854721069336,0.0003,0.45784878730773926
369,4,5,0,3.606976679293439e-05,0.003473840653896332,-0.07484372705221176,2.21488618850708,0.0,0.4540195167064667
370,4,5,1,0.004313112702220678,0.0024113082326948643,0.047668278217315674,2.943840742111206,0.003,0.34046414494514465
371,4,5,2,0.003915409557521343,0.0027016049716621637,-0.011373218148946762,2.719883680343628,0.0015,0.36771032214164734
372,4,5,3,0.00037680420791730285,0.003114714054390788,-0.03085744008421898,2.6624135971069336,0.0012,0.375956654548645
373,4,5,4,-0.001969224540516734,0.0032387063838541508,0.08606872707605362,2.5944020748138428,0.0004,0.3883005678653717
374,4,5,5,0.0004035943129565567,0.0031376953702419996,-0.018121520057320595,2.598426342010498,0.0006,0.38497471809387207
375,4,5,6,0.003903979202732444,0.0026942247059196234,0.010869694873690605,2.7173914909362793,0.0008,0.368043452501297
376,4,5,7,0.004283268004655838,0.0023802518844604492,0.09056052565574646,2.8123137950897217,0.0022,0.35849529504776
377,4,5,8,2.114722883561626e-05,0.00346740847453475,-0.10391058027744293,2.1744415760040283,0.0,0.46485376358032227
378,4,6,0,-0.002333548851311207,0.003058686852455139,0.6862054467201233,3.162865400314331,0.0026,0.4650459885597229
379,4,6,1,0.0032952812034636736,0.0026856937911361456,-0.5433125495910645,4.086719512939453,0.01,0.3169262111186981
380,4,6,2,0.004635042045265436,0.002543095964938402,0.04570135474205017,2.7553229331970215,0.0017,0.36369192600250244
381,4,6,3,0.003921747673302889,0.002740259747952223,-0.027972262352705002,2.7355594635009766,0.001,0.36584198474884033
382,4,6,4,0.003218872006982565,0.002860497683286667,-0.04710736870765686,2.7393195629119873,0.0014,0.36586424708366394
383,4,6,5,0.0039424411952495575,0.0027119957376271486,-0.02401808835566044,2.7442901134490967,0.0014,0.3646031618118286
384,4,6,6,0.004592695273458958,0.002536776941269636,0.03260813653469086,2.7454605102539062,0.0013,0.36462491750717163
385,4,6,7,0.0032934879418462515,0.0026389840058982372,-0.6122110486030579,4.4920735359191895,0.0118,0.30605071783065796
386,4,6,8,-0.0023484525736421347,0.003058279398828745,0.6827077865600586,3.1067447662353516,0.002,0.47190549969673157
387,4,7,0,-0.003293968504294753,0.0015709389699622989,0.6093369722366333,9.750676155090332,0.0279,0.14063553512096405
388,4,7,1,-0.0007014074362814426,0.0035148293245583773,0.13594233989715576,2.116137742996216,0.0001,0.48129206895828247
389,4,7,2,0.0033041140995919704,0.0026353150606155396,-0.6175746917724609,4.311023235321045,0.0101,0.32043400406837463
390,4,7,3,0.004284456837922335,0.0023751917760819197,0.0343494713306427,3.005788564682007,0.0037,0.33308395743370056
391,4,7,4,0.004361256957054138,0.0024123217444866896,0.08025916665792465,2.744250774383545,0.0014,0.3667455017566681
392,4,7,5,0.004311452154070139,0.0023573869839310646,0.0643979087471962,2.788601875305176,0.002,0.3600897789001465
393,4,7,6,0.0033012134954333305,0.0026453363243490458,-0.576117753982544,4.19498872756958,0.0104,0.31750065088272095
394,4,7,7,-0.0007737153791822493,0.003541667480021715,0.15928882360458374,2.117696762084961,0.0001,0.48419255018234253
395,4,7,8,-0.0033205943182110786,0.0015869257040321827,0.4617762267589569,9.581476211547852,0.028,0.1266232132911682
396,4,8,0,-0.003141726367175579,0.0005452277837321162,-2.914949893951416,42.32495880126953,0.032,0.22438138723373413
397,4,8,1,-0.003314909292384982,0.0016142504755407572,0.5806899666786194,9.195075035095215,0.0253,0.14542576670646667
398,4,8,2,-0.0021875733509659767,0.003105711890384555,0.6126099228858948,2.942268133163452,0.0022,0.4674254059791565
399,4,8,3,0.00021365087013691664,0.00345922214910388,-0.13365432620048523,2.2578938007354736,0.0001,0.450802206993103
400,4,8,4,0.001206410932354629,0.003260956145823002,-0.4259224236011505,2.6767735481262207,0.0002,0.44135594367980957
401,4,8,5,0.0001466834801249206,0.0034721153788268566,-0.13923484086990356,2.226456880569458,0.0,0.4578513503074646
402,4,8,6,-0.0022546006366610527,0.003094421001151204,0.6689608693122864,3.0280184745788574,0.0032,0.4780382215976715
403,4,8,7,-0.003298393916338682,0.0016207010485231876,0.6429069638252258,9.514655113220215,0.028,0.1485423594713211
404,4,8,8,-0.0031372280791401863,0.0005351908621378243,-2.741825819015503,46.33124542236328,0.0312,0.18384157121181488
405,5,0,0,-0.0031228051520884037,0.0004698155098594725,-1.7428644895553589,53.94096755981445,0.0272,0.07485176622867584
406,5,0,1,-0.003299989039078355,0.0013890680857002735,0.1919155716896057,11.558610916137695,0.0349,0.08970209211111069
407,5,0,2,-0.0026829896960407495,0.0028308273758739233,0.8033206462860107,3.7210090160369873,0.0041,0.44217145442962646
408,5,0,3,-0.000785986369010061,0.0035042811650782824,0.14317534863948822,2.151719808578491,0.0001,0.47427141666412354
409,5,0,4,0.000157355418195948,0.003450587624683976,-0.13538327813148499,2.2427151203155518,0.0,0.4540606439113617
410,5,0,5,-0.0007949282298795879,0.0034597418271005154,0.1546574980020523,2.175858736038208,0.0001,0.4705815613269806
411,5,0,6,-0.0027005397714674473,0.0028122123330831528,0.823592483997345,3.7625067234039307,0.0047,0.4460602104663849
412,5,0,7,-0.003283016150817275,0.001385715906508267,0.3456370234489441,12.0343017578125,0.0339,0.09302284568548203
413,5,0,8,-0.003124276641756296,0.00047074013855308294,-2.555302619934082,52.71760559082031,0.0282,0.14282840490341187
414,5,1,0,-0.003274165792390704,0.0013448208337649703,0.18418052792549133,12.30008602142334,0.0376,0.08405814319849014
415,5,1,1,-0.0014597775880247355,0.0034145668614655733,0.4093581736087799,2.4051873683929443,0.0005,0.4854400157928467
416,5,1,2,0.0026859815698117018,0.0029487053398042917,-0.6905645728111267,3.8837854862213135,0.0077,0.38026800751686096
417,5,1,3,0.004121122881770134,0.0024185350630432367,-0.08137241005897522,3.369112968444824,0.0066,0.29877936840057373
418,5,1,4,0.004323582164943218,0.002395918592810631,0.11522159725427628,2.848815679550171,0.0028,0.35568323731422424
419,5,1,5,0.004119537305086851,0.0024095377884805202,-0.009317710995674133,3.2906382083892822,0.0058,0.3039187788963318
420,5,1,6,0.0026384072843939066,0.0029402233194559813,-0.6533639430999756,3.7827749252319336,0.0074,0.3772057294845581
421,5,1,7,-0.0015002544969320297,0.0034001616295427084,0.3944958448410034,2.384953022003174,0.0004,0.4845491647720337
422,5,1,8,-0.003298964351415634,0.001371381338685751,0.14115186035633087,11.47501277923584,0.0345,0.08888214826583862
423,5,2,0,-0.00279227108694613,0.002766204532235861,0.8867814540863037,4.097574234008789,0.0072,0.43596071004867554
424,5,2,1,0.0026921199169009924,0.0029564122669398785,-0.668266773223877,3.8936386108398438,0.0087,0.37152406573295593
425,5,2,2,0.004544233903288841,0.002535273088142276,0.06418159604072571,2.728238821029663,0.0015,0.36804670095443726
426,5,2,3,0.004360444378107786,0.0026290789246559143,-0.0005261990590952337,2.64009690284729,0.001,0.37877407670021057
427,5,2,4,0.003965246025472879,0.0026976054068654776,-0.03073197416961193,2.69940185546875,0.0006,0.3708023428916931
428,5,2,5,0.00436995318159461,0.002625458873808384,0.00888985488563776,2.7562777996063232,0.0008,0.3628368079662323
429,5,2,6,0.004574177321046591,0.002527418080717325,0.05436373129487038,2.8584201335906982,0.0024,0.3508775532245636
430,5,2,7,0.002620700281113386,0.002963514067232609,-0.6905695199966431,3.8561315536499023,0.0086,0.3829968571662903
431,5,2,8,-0.002745695412158966,0.002756645902991295,0.836089551448822,3.9053561687469482,0.0062,0.4350552260875702
432,5,3,0,-0.0008894607308320701,0.003469505114480853,0.1914684772491455,2.236316680908203,0.0003,0.4635569751262665
433,5,3,1,0.004113198723644018,0.002412941073998809,-0.02457144856452942,3.20893931388855,0.0055,0.31181761622428894
434,5,3,2,0.004338245373219252,0.0026217808481305838,-0.00047697804984636605,2.665693998336792,0.0008,0.3751369118690491
435,5,3,3,0.00203655450604856,0.0029172946233302355,-0.08381766080856323,2.778712272644043,0.0014,0.36240720748901367
436,5,3,4,0.00043420513975434005,0.0031691903714090586,-0.015986720100045204,2.593214273452759,0.0009,0.3857203722000122
437,5,3,5,0.002067925874143839,0.0029448363929986954,-0.06418049335479736,2.7339131832122803,0.0014,0.3672827482223511
438,5,3,6,0.004331198520958424,0.0026368333492428064,-0.033559177070856094,2.737299919128418,0.001,0.36573493480682373
439,5,3,7,0.004074823576956987,0.0024405221920460463,-0.1105077788233757,3.5461928844451904,0.0063,0.28543621301651
440,5,3,8,-0.0009066329221241176,0.003476525889709592,0.1680174022912979,2.1683359146118164,0.0001,0.4742022752761841
441,5,4,0,7.94163643149659e-05,0.0034866586793214083,-0.10536891967058182,2.2103726863861084,0.0002,0.45743533968925476
442,5,4,1,0.004339207429438829,0.002415101509541273,0.05997414514422417,2.9211933612823486,0.0027,0.3435571491718292
443,5,4,2,0.003929084166884422,0.002697619143873453,-0.012915031053125858,2.7142691612243652,0.0016,0.3684847354888916
444,5,4,3,0.0003642239316832274,0.003117599058896303,-0.0463508740067482,2.6264164447784424,0.0007,0.3815649151802063
445,5,4,4,-0.0019844933412969112,0.0032235279213637114,0.03599099442362785,2.577516794204712,0.0007,0.38847285509109497
446,5,4,5,0.00037419371074065566,0.0031271162442862988,-0.036521296948194504,2.6131527423858643,0.0007,0.38318994641304016
447,5,4,6,0.0038910750299692154,0.0027154628187417984,-0.026798471808433533,2.6818981170654297,0.0014,0.3731380105018616
448,5,4,7,0.004258893430233002,0.002407040446996689,0.02805924043059349,2.8215808868408203,0.0024,0.3546903133392334
449,5,4,8,3.92832444049418e-05,0.0034511175472289324,-0.10922890901565552,2.174269914627075,0.0,0.46541184186935425
450,5,5,0,-0.0008649965166114271,0.0034729435574263334,0.20565244555473328,2.226423501968384,0.0003,0.46814677119255066
451,5,5,1,0.0041332305409014225,0.0024376686196774244,-0.12445791065692902,3.423807382583618,0.0057,0.2965966463088989
452,5,5,2,0.004351245705038309,0.002628960646688938,0.058431439101696014,2.7606897354125977,0.0017,0.3634650707244873
453,5,5,3,0.002000503009185195,0.0029453460592776537,-0.08378124982118607,2.7467257976531982,0.0013,0.3666253387928009
454,5,5,4,0.00035095293424092233,0.00313726719468832,-0.03566361218690872,2.617987632751465,0.0007,0.3824585974216461
455,5,5,5,0.0020179040729999542,0.002926551504060626,-0.05100564658641815,2.7598812580108643,0.0012,0.3632770776748657
456,5,5,6,0.004304391331970692,0.002610002411529422,-0.005052183289080858,2.739027261734009,0.0011,0.3651024401187897
457,5,5,7,0.004068977665156126,0.002414433751255274,-0.08759254217147827,3.46037220954895,0.0055,0.29120346903800964
458,5,5,8,-0.0009188654948957264,0.0034446713980287313,0.1910219043493271,2.213658571243286,0.0001,0.46822458505630493
459,5,6,0,-0.0027631388511508703,0.0027979000005871058,0.834710955619812,3.8600566387176514,0.0054,0.4395640790462494
460,5,6,1,0.002675688825547695,0.0029479970689862967,-0.6997793316841125,3.897765636444092,0.0085,0.3821910619735718
461,5,6,2,0.004572728648781776,0.0025201302487403154,0.03844678774476051,2.943629264831543,0.0022,0.3402188718318939
462,5,6,3,0.004327038768678904,0.002644205465912819,-0.004821960814297199,2.7498741149902344,0.0012,0.3636614680290222
463,5,6,4,0.003924036864191294,0.0027200165204703808,-0.009037247858941555,2.727285385131836,0.0007,0.3666948974132538
464,5,6,5,0.004359623417258263,0.002636377001181245,-0.0010368161601945758,2.711000680923462,0.001,0.3688678741455078
465,5,6,6,0.0045326524414122105,0.0025040984619408846,0.08290162682533264,2.817277193069458,0.002,0.3573921024799347
466,5,6,7,0.002657166915014386,0.002919902792200446,-0.7108544707298279,3.951524257659912,0.0086,0.3809451758861542
467,5,6,8,-0.0027738811913877726,0.0027573187835514545,0.8739649653434753,4.052066326141357,0.0055,0.4352877140045166
468,5,7,0,-0.0032600495032966137,0.0013403977500274777,0.34643444418907166,12.062938690185547,0.0355,0.09284775704145432
469,5,7,1,-0.0014738395111635327,0.0033786885906010866,0.3974250555038452,2.3928465843200684,0.0005,0.483920156955719
470,5,7,2,0.002699244301766157,0.0029090556781738997,-0.706158459186554,3.9356472492218018,0.0086,0.38079115748405457
471,5,7,3,0.004100878722965717,0.002378719625994563,-0.12994572520256042,3.6104817390441895,0.0075,0.2816482484340668
472,5,7,4,0.0042669265531003475,0.0023866347037255764,0.04096193239092827,2.9453370571136475,0.0029,0.3400893807411194
473,5,7,5,0.004109958652406931,0.0023719421587884426,-0.07609759271144867,3.3905444145202637,0.007,0.2966458201408386
474,5,7,6,0.002676891628652811,0.0029113884083926678,-0.7021875977516174,3.931786298751831,0.0086,0.3797427713871002
475,5,7,7,-0.0015317255165427923,0.0033848437014967203,0.41883158683776855,2.4424445629119873,0.0004,0.48124733567237854
476,5,7,8,-0.003286561230197549,0.0013646706938743591,0.1709805428981781,11.903488159179688,0.0366,0.08646493405103683
477,5,8,0,-0.003133921418339014,0.0005153100355528295,-3.3214364051818848,48.760467529296875,0.029,0.24675603210926056
478,5,8,1,-0.003281682264059782,0.00140881328843534,0.2657313644886017,11.321417808532715,0.0338,0.09456528723239899
479,5,8,2,-0.002677690703421831,0.0028182193636894226,0.8305366039276123,3.7591872215270996,0.0057,0.4495096504688263
480,5,8,3,-0.000742791744414717,0.0034615816548466682,0.1392914354801178,2.1763176918029785,0.0001,0.4684068560600281
481,5,8,4,0.00017547830066177994,0.003466213122010231,-0.14564679563045502,2.2201988697052,0.0,0.4599646329879761
482,5,8,5,-0.0008028820739127696,0.0035006520338356495,0.15477105975151062,2.144878625869751,0.0001,0.47739484906196594
483,5,8,6,-0.0027193522546440363,0.002799930050969124,0.8156861066818237,3.827221393585205,0.0048,0.4351312816143036
484,5,8,7,-0.0032872238662093878,0.0014041230315342546,0.45685240626335144,12.042061805725098,0.0335,0.10037434846162796
485,5,8,8,-0.0031260743271559477,0.0004642822314053774,-2.325575113296509,52.114925384521484,0.0274,0.1229647621512413
486,6,0,0,-0.0031063477508723736,0.00038778805173933506,-0.7272951006889343,63.292476654052734,0.0215,0.024157026782631874
487,6,0,1,-0.003207201836630702,0.0008843340910971165,-1.2002533674240112,22.912206649780273,0.035,0.10651998966932297
488,6,0,2,-0.003267617430537939,0.001921558752655983,0.845221996307373,7.404749870300293,0.0226,0.23152710497379303
489,6,0,3,-0.0026728452648967505,0.002843740861862898,0.8121126890182495,3.721409320831299,0.0054,0.4459404945373535
490,6,0,4,-0.0022102664224803448,0.0031162253580987453,0.638413667678833,2.980482578277588,0.0019,0.4722631275653839
491,6,0,5,-0.0026809487026184797,0.002830452285706997,0.8361949920654297,3.7677512168884277,0.0051,0.45099106431007385
492,6,0,6,-0.00323765492066741,0.0019141730153933167,0.9552488327026367,7.755013942718506,0.0247,0.24661469459533691
493,6,0,7,-0.0032044025138020515,0.0009019404533319175,-0.7353408932685852,23.62700843811035,0.0345,0.06521037966012955
494,6,0,8,-0.0031089941039681435,0.0003893872199114412,-1.9226676225662231,67.30207824707031,0.0212,0.06978462636470795
495,6,1,0,-0.00320041854865849,0.0008432951290160418,-1.055220603942871,24.8389835357666,0.0329,0.08508764207363129
496,6,1,1,-0.0029080044478178024,0.0025526403915137053,0.9927830100059509,4.863556861877441,0.009,0.4082646071910858
497,6,1,2,0.00023709525703452528,0.0035874349996447563,-0.1495123952627182,2.196972608566284,0.0,0.46534672379493713
498,6,1,3,0.0026683073956519365,0.002958800410851836,-0.672039270401001,3.8627030849456787,0.008,0.3758085370063782
499,6,1,4,0.003274369053542614,0.0026833449956029654,-0.5712782144546509,4.181725978851318,0.0103,0.31717973947525024
500,6,1,5,0.0026451090816408396,0.0029083152767270803,-0.6679961681365967,3.8757336139678955,0.0083,0.3731471300125122
501,6,1,6,0.00015593178977724165,0.0035365866497159004,-0.1187819316983223,2.169058084487915,0.0001,0.4675343334674835
502,6,1,7,-0.0029031322337687016,0.002539044478908181,0.9538493156433105,4.7253923416137695,0.0089,0.4041629433631897
503,6,1,8,-0.003208968322724104,0.0008724040235392749,-1.1132104396820068,22.374544143676758,0.0345,0.10007968544960022
504,6,2,0,-0.0032955810893326998,0.0018583276541903615,0.8655522465705872,8.020920753479004,0.0257,0.21807728707790375
505,6,2,1,0.00021985980856698006,0.003571185516193509,-0.15659019351005554,2.1967391967773438,0.0003,0.4663824141025543
506,6,2,2,0.003740682266652584,0.0025991229340434074,-0.3939945697784424,4.170029163360596,0.0094,0.2770320475101471
507,6,2,3,0.004591640084981918,0.0025145448744297028,0.06634043902158737,2.6675498485565186,0.0012,0.3765257000923157
508,6,2,4,0.004601710941642523,0.002538793021813035,0.0482553094625473,2.714097738265991,0.0009,0.3693045377731323
509,6,2,5,0.004583018831908703,0.0025010420940816402,0.07437725365161896,2.8194143772125244,0.0018,0.35664570331573486
510,6,2,6,0.0037402031011879444,0.0025688824243843555,-0.3469448685646057,4.2213239669799805,0.0096,0.2654074430465698
511,6,2,7,0.00014680101594422013,0.003555499017238617,-0.1255151331424713,2.157992124557495,0.0001,0.47069406509399414
512,6,2,8,-0.0032843947410583496,0.0018607808742672205,0.7796281576156616,7.387786865234375,0.0221,0.21763215959072113
513,6,3,0,-0.0027680268976837397,0.002749076811596751,0.8718259930610657,4.027174472808838,0.0059,0.437050998210907
514,6,3,1,0.0026916086208075285,0.0029881910886615515,-0.7044356465339661,3.87748122215271,0.0082,0.38587668538093567
515,6,3,2,0.004594595171511173,0.002503142924979329,0.07884356379508972,2.714125156402588,0.0013,0.37073320150375366
516,6,3,3,0.0043414137326180935,0.0026215084362775087,-0.04780277609825134,2.764817476272583,0.0015,0.36251401901245117
517,6,3,4,0.0039494954980909824,0.002713204128667712,-0.08776260167360306,2.759610891342163,0.0014,0.3651609718799591
518,6,3,5,0.004358670208603144,0.002654888667166233,0.002670099725946784,2.799518585205078,0.0019,0.3572068214416504
519,6,3,6,0.004571608733385801,0.0025218850933015347,0.06282050162553787,2.845974922180176,0.0028,0.35276010632514954
520,6,3,7,0.002648148452863097,0.002952380571514368,-0.6847218871116638,3.86173677444458,0.0083,0.38035839796066284
521,6,3,8,-0.002764863194897771,0.002732223831117153,0.8405174016952515,3.9386484622955322,0.0054,0.4332627058029175
522,6,4,0,-0.0022821081802248955,0.0030785000417381525,0.6496676206588745,2.9920217990875244,0.002,0.4752866327762604
523,6,4,1,0.00333124166354537,0.0026849342975765467,-0.6239911913871765,4.3280110359191895,0.0101,0.32101696729660034
524,6,4,2,0.0046439324505627155,0.0025473616551607847,0.06743533164262772,2.7617759704589844,0.0016,0.3637324273586273
525,6,4,3,0.003934650216251612,0.0027205822989344597,-0.07253959029912949,2.762406826019287,0.0019,0.3639080226421356
526,6,4,4,0.003229363588616252,0.002874828642234206,-0.10639913380146027,2.8599631786346436,0.0016,0.3536132276058197
527,6,4,5,0.003918025642633438,0.0027324208058416843,-0.04901847988367081,2.779937505722046,0.0017,0.36058464646339417
528,6,4,6,0.0045599620789289474,0.0025363063905388117,0.03729139268398285,2.6476242542266846,0.0008,0.37822234630584717
529,6,4,7,0.0032625640742480755,0.002693911548703909,-0.6177892684936523,4.251497268676758,0.0109,0.32498282194137573
530,6,4,8,-0.002327422145754099,0.0030498409178107977,0.6686906218528748,3.1351969242095947,0.0026,0.46158093214035034
531,6,5,0,-0.002721389289945364,0.0027550552040338516,0.8321387767791748,3.852808952331543,0.005,0.43927818536758423
532,6,5,1,0.0026807093527168036,0.002950124442577362,-0.6967175006866455,3.8465256690979004,0.0074,0.3861706256866455
533,6,5,2,0.0045880479738116264,0.002529062796384096,0.06744245439767838,2.8436427116394043,0.0021,0.3532611131668091
534,6,5,3,0.004333244636654854,0.0026474068872630596,-0.012005595490336418,2.715233325958252,0.001,0.36834555864334106
535,6,5,4,0.0039230044931173325,0.0027268219273537397,-0.0378543958067894,2.7639036178588867,0.0013,0.3623255491256714
536,6,5,5,0.004321410786360502,0.0026360752526670694,0.015091839246451855,2.672417163848877,0.0009,0.37427830696105957
537,6,5,6,0.004504208918660879,0.0025346309412270784,0.0649598091840744,2.842641592025757,0.0023,0.35326993465423584
538,6,5,7,0.002646071370691061,0.0029456382617354393,-0.6562365293502808,3.774348020553589,0.0074,0.37904465198516846
539,6,5,8,-0.0027820018585771322,0.0027297178748995066,0.8486496210098267,4.035942554473877,0.0059,0.42622169852256775
540,6,6,0,-0.003250682493671775,0.001871469197794795,0.8376674056053162,7.3927717208862305,0.0256,0.2301824986934662
541,6,6,1,0.00015464896569028497,0.003592343768104911,-0.1290099173784256,2.1949808597564697,0.0001,0.46316736936569214
542,6,6,2,0.0038095274940133095,0.0026024451944977045,-0.38039371371269226,4.154672145843506,0.0093,0.2755209803581238
543,6,6,3,0.004561209585517645,0.00251236604526639,0.10983838886022568,2.810236930847168,0.0019,0.36013492941856384
544,6,6,4,0.0046051423996686935,0.0025558266788721085,0.057600703090429306,2.774731397628784,0.0013,0.3615909814834595
545,6,6,5,0.004538160283118486,0.002507175086066127,0.040478188544511795,2.794631242752075,0.0019,0.35841527581214905
546,6,6,6,0.0037434559781104326,0.002572506433352828,-0.30996057391166687,4.144023418426514,0.0086,0.26449549198150635
547,6,6,7,0.00014219139120541513,0.0035518815275281668,-0.11312412470579147,2.2005863189697266,0.0002,0.4602396786212921
548,6,6,8,-0.0033107558265328407,0.0018660958157852292,0.7612186074256897,7.729125022888184,0.0233,0.20435090363025665
549,6,7,0,-0.0032105797436088324,0.0008858898654580116,-1.4012207984924316,21.287818908691406,0.0359,0.13920728862285614
550,6,7,1,-0.0028702784329652786,0.002568537835031748,0.9124988317489624,4.5544114112854,0.0083,0.4023909866809845
551,6,7,2,0.00017975347873289138,0.0035682639572769403,-0.12764959037303925,2.193256378173828,0.0001,0.4633723497390747
552,6,7,3,0.0027047789189964533,0.0029408943373709917,-0.6861818432807922,3.8480257987976074,0.0081,0.38223379850387573
553,6,7,4,0.0032953850459307432,0.002691908972337842,-0.6174175143241882,4.2769927978515625,0.0112,0.3229382038116455
554,6,7,5,0.002689591608941555,0.0029193188529461622,-0.6669340133666992,3.9462621212005615,0.01,0.366118848323822
555,6,7,6,0.00018313051259610802,0.003534906543791294,-0.13174974918365479,2.2378883361816406,0.0003,0.45460620522499084
556,6,7,7,-0.0029513246845453978,0.0024987629149109125,0.981321394443512,4.891773700714111,0.0101,0.40128424763679504
557,6,7,8,-0.003193709533661604,0.0008488933672197163,-0.8451175689697266,26.238779067993164,0.032,0.06533168256282806
558,6,8,0,-0.0031100083142518997,0.00039345273398794234,-2.467247724533081,67.53689575195312,0.0213,0.10493984073400497
559,6,8,1,-0.0032029796857386827,0.0008764202939346433,-1.1741626262664795,21.415130615234375,0.0368,0.11107370257377625
560,6,8,2,-0.0032421802170574665,0.0019537312909960747,0.8764371871948242,7.20723819732666,0.0231,0.24532867968082428
561,6,8,3,-0.002636256627738476,0.0028320993296802044,0.8311715722084045,3.767045021057129,0.0058,0.4488521218299866
562,6,8,4,-0.0022174129262566566,0.0031452535185962915,0.6404232382774353,2.9488625526428223,0.0023,0.4781985878944397
563,6,8,5,-0.0026866223197430372,0.002812520833685994,0.8331730365753174,3.825711727142334,0.0059,0.4428398013114929
564,6,8,6,-0.003269950393587351,0.001918010413646698,0.8624277114868164,7.4318413734436035,0.0251,0.23463654518127441
565,6,8,7,-0.0031962902285158634,0.0008803112432360649,-0.979554295539856,23.477811813354492,0.0335,0.0834629088640213
566,6,8,8,-0.00310651701875031,0.0003716430510394275,-1.1714287996292114,68.02381134033203,0.0206,0.03487375006079674
567,7,0,0,-0.003095993073657155,0.0003068483783863485,3.6900715827941895,41.32809829711914,0.0176,0.35367289185523987
568,7,0,1,-0.0031147082336246967,0.00044169151806272566,-1.323591947555542,64.29330444335938,0.025,0.04280221089720726
569,7,0,2,-0.0032117331866174936,0.0008921435219235718,-1.4394075870513916,21.762603759765625,0.0357,0.1411547213792801
570,7,0,3,-0.0033031245693564415,0.0014326482778415084,0.22006428241729736,10.92581844329834,0.0348,0.09595879167318344
571,7,0,4,-0.0033041725400835276,0.0016533196903765202,0.6159327030181885,9.363434791564941,0.0265,0.1473148614168167
572,7,0,5,-0.003280509263277054,0.0014229671796783805,0.42373520135879517,11.726984024047852,0.0322,0.10058438777923584
573,7,0,6,-0.0032003172673285007,0.0009036370902322233,-0.5324727892875671,24.590700149536133,0.0352,0.05219563841819763
574,7,0,7,-0.00312020443379879,0.0004626117879524827,-2.05519700050354,56.03928756713867,0.0269,0.09321735799312592
575,7,0,8,-0.003096924861893058,0.0003134345170110464,2.4809255599975586,50.442222595214844,0.0175,0.14184528589248657
576,7,1,0,-0.0031108343973755836,0.0004276573599781841,-0.6665554046630859,60.82795715332031,0.0246,0.023743951693177223
577,7,1,1,-0.003269356908276677,0.001250998000614345,-0.0804300606250763,13.763057708740234,0.0393,0.07312829792499542
578,7,1,2,-0.002885968890041113,0.002587364986538887,0.9503577947616577,4.618625164031982,0.0087,0.4120663106441498
579,7,1,3,-0.0013708057813346386,0.003418443724513054,0.3436381220817566,2.3369157314300537,0.0003,0.4784456491470337
580,7,1,4,-0.0006291846511885524,0.0035401510540395975,0.0844700038433075,2.1455752849578857,0.0002,0.46940097212791443
581,7,1,5,-0.001430400414392352,0.0033857400994747877,0.3886845111846924,2.3552966117858887,0.0005,0.4887178838253021
582,7,1,6,-0.002869782503694296,0.0025869219098240137,0.9257676005363464,4.5271501541137695,0.0077,0.41020190715789795
583,7,1,7,-0.0032724139746278524,0.0012635840103030205,0.09988424926996231,13.875335693359375,0.0395,0.07278936356306076
584,7,1,8,-0.0031194936018437147,0.0004411322879604995,-2.8233377933502197,55.3258171081543,0.0261,0.16215279698371887
585,7,2,0,-0.0032041047234088182,0.0008876008214429021,-1.0189770460128784,24.10746192932129,0.0348,0.08455117791891098
586,7,2,1,-0.0029012334998697042,0.0025622963439673185,0.951591968536377,4.70578145980835,0.0086,0.40493324398994446
587,7,2,2,0.00023257410794030875,0.0035688644275069237,-0.15116429328918457,2.1925160884857178,0.0001,0.4665190875530243
588,7,2,3,0.002650519600138068,0.002974847797304392,-0.6571187376976013,3.780904769897461,0.0076,0.37869375944137573
589,7,2,4,0.0032861095387488604,0.002693429123610258,-0.5475694537162781,4.15583610534668,0.0088,0.3127727508544922
590,7,2,5,0.002628411166369915,0.002977016381919384,-0.6779250502586365,3.841444253921509,0.0076,0.3799566626548767
591,7,2,6,0.00016728976333979517,0.003539574798196554,-0.1512896716594696,2.174081563949585,0.0,0.47049224376678467
592,7,2,7,-0.00288364477455616,0.0025199363008141518,0.9357156157493591,4.640472888946533,0.0091,0.40417513251304626
593,7,2,8,-0.003214392112568021,0.0008809218415990472,-1.1488256454467773,21.3582763671875,0.0357,0.10861364752054214
594,7,3,0,-0.0033114010002464056,0.0013806333299726248,0.2042282074689865,11.453532218933105,0.0339,0.09095091372728348
595,7,3,1,-0.0014321948401629925,0.003414340317249298,0.38001614809036255,2.344998359680176,0.0005,0.4880226254463196
596,7,3,2,0.0027045011520385742,0.0029386202804744244,-0.6842482089996338,3.908381938934326,0.0075,0.37565305829048157
597,7,3,3,0.004166307393461466,0.0024316534399986267,-0.046546585857868195,3.2086596488952637,0.0052,0.3123318552970886
598,7,3,4,0.004351702518761158,0.0024283926468342543,0.06602665036916733,2.6581995487213135,0.0013,0.3778344988822937
599,7,3,5,0.004143275320529938,0.002407734515145421,-0.07923362404108047,3.3531975746154785,0.0048,0.3000950217247009
600,7,3,6,0.002682141959667206,0.002939752768725157,-0.663120448589325,3.9198668003082275,0.009,0.3672902286052704
601,7,3,7,-0.001499841921031475,0.0034068480599671602,0.3817346692085266,2.3631575107574463,0.0005,0.4848264753818512
602,7,3,8,-0.003310414031147957,0.0013382687466219068,-0.047938112169504166,11.279562950134277,0.0355,0.0888596624135971
603,7,4,0,-0.0033493363298475742,0.0015945893246680498,0.35809940099716187,9.109895706176758,0.0271,0.12384721636772156
604,7,4,1,-0.0006592049030587077,0.0035539662931114435,0.12285371124744415,2.1144466400146484,0.0001,0.48007506132125854
605,7,4,2,0.0033480606507509947,0.002678603632375598,-0.6065065860748291,4.279220104217529,0.0098,0.31964942812919617
606,7,4,3,0.00434495322406292,0.0024085333570837975,0.019034210592508316,2.7471766471862793,0.0015,0.36414194107055664
607,7,4,4,0.004429828375577927,0.0024443953298032284,0.039695728570222855,2.721252679824829,0.0013,0.36805686354637146
608,7,4,5,0.004344134125858545,0.002392843831330538,0.056514788419008255,2.7592358589172363,0.0019,0.363576740026474
609,7,4,6,0.0033304947428405285,0.0026635134126991034,-0.5823951363563538,4.287928581237793,0.0107,0.3123149275779724
610,7,4,7,-0.0007241579587571323,0.0035512608010321856,0.12869802117347717,2.135113000869751,0.0,0.476116806268692
611,7,4,8,-0.003327786223962903,0.0015402319841086864,0.28857651352882385,9.174433708190918,0.0298,0.11807555705308914
612,7,5,0,-0.003314404748380184,0.0013767738128080964,0.04052197188138962,10.976041793823242,0.0337,0.09125712513923645
613,7,5,1,-0.0014177117263898253,0.003410919802263379,0.3595733046531677,2.3417816162109375,0.0005,0.48223668336868286
614,7,5,2,0.002734907204285264,0.0029274243861436844,-0.6889466047286987,3.9159061908721924,0.0084,0.37657883763313293
615,7,5,3,0.004153672605752945,0.0024395743384957314,-0.03549657016992569,3.3824729919433594,0.0057,0.2960141897201538
616,7,5,4,0.0043199555948376656,0.002405604114755988,0.05624457448720932,2.9339778423309326,0.003,0.3419124186038971
617,7,5,5,0.004108573775738478,0.0024027510080486536,-0.07901161909103394,3.43692684173584,0.0057,0.2927740216255188
618,7,5,6,0.002692378358915448,0.0029136831872165203,-0.681570291519165,3.897597312927246,0.0093,0.37575408816337585
619,7,5,7,-0.0015049622161313891,0.003402276895940304,0.3939225375652313,2.3827455043792725,0.0004,0.48480838537216187
620,7,5,8,-0.003315639216452837,0.0013647329760715365,-0.040727823972702026,11.4136323928833,0.0349,0.08775985985994339
621,7,6,0,-0.003198532620444894,0.0008591573568992317,-1.092087745666504,23.654468536376953,0.0327,0.0926951915025711
622,7,6,1,-0.00286445626989007,0.0025678882375359535,0.9493165016174316,4.582947254180908,0.0087,0.4148426055908203
623,7,6,2,0.000229336554184556,0.00355395651422441,-0.11583715677261353,2.178685426712036,0.0,0.46515122056007385
624,7,6,3,0.00274186790920794,0.002930938033387065,-0.6356580257415771,3.8400332927703857,0.0074,0.36563774943351746
625,7,6,4,0.003306678496301174,0.002696303417906165,-0.5715652704238892,4.350915908813477,0.0108,0.3049212694168091
626,7,6,5,0.0026870649307966232,0.002903579268604517,-0.6364189386367798,3.82038950920105,0.0084,0.3677711486816406
627,7,6,6,0.0001757738646119833,0.003551607020199299,-0.11402701586484909,2.2066104412078857,0.0004,0.4590761065483093
628,7,6,7,-0.002937223995104432,0.00251421588473022,0.8957375288009644,4.729655742645264,0.0092,0.38107335567474365
629,7,6,8,-0.003199067199602723,0.0008420995436608791,-1.2035211324691772,24.821136474609375,0.033,0.09864427149295807
630,7,7,0,-0.00312358932569623,0.00047033067676238716,-2.6520168781280518,54.966793060302734,0.0278,0.14614629745483398
631,7,7,1,-0.0032367880921810865,0.0012674886966124177,0.3424648940563202,13.781604766845703,0.0389,0.08107054233551025
632,7,7,2,-0.002840858418494463,0.0026051602326333523,0.9120012521743774,4.440207004547119,0.0071,0.41253623366355896
633,7,7,3,-0.0013825033092871308,0.003410845063626766,0.38861599564552307,2.3700711727142334,0.0006,0.48564890027046204
634,7,7,4,-0.0005998977576382458,0.003501479746773839,0.14118605852127075,2.167191743850708,0.0003,0.47062447667121887
635,7,7,5,-0.0014340312918648124,0.0033876511733978987,0.3836303651332855,2.4178483486175537,0.0014,0.4744599461555481
636,7,7,6,-0.0029104044660925865,0.0025318493135273457,0.9783169031143188,4.859349727630615,0.0087,0.402750164270401
637,7,7,7,-0.003248377703130245,0.001241670222952962,0.23486144840717316,14.982390403747559,0.0397,0.07042667269706726
638,7,7,8,-0.003115562256425619,0.0004324390029069036,-1.7405425310134888,56.81715774536133,0.0247,0.07092027366161346
639,7,8,0,-0.003094990039244294,0.00030261100619100034,3.7643074989318848,44.0041389465332,0.0171,0.34474053978919983
640,7,8,1,-0.0031288217287510633,0.0004784853372257203,-2.942250967025757,49.33637619018555,0.0282,0.19573469460010529
641,7,8,2,-0.0031962664797902107,0.0009217901388183236,-0.656696081161499,21.5008602142334,0.0366,0.06656709313392639
642,7,8,3,-0.0032818831969052553,0.001447992050088942,0.49168848991394043,11.348770141601562,0.0329,0.10941781848669052
643,7,8,4,-0.003284245263785124,0.0016521216602995992,0.6075112819671631,9.083454132080078,0.0289,0.15072129666805267
644,7,8,5,-0.003280719742178917,0.001442667911760509,0.4084261357784271,11.106724739074707,0.0313,0.10505454987287521
645,7,8,6,-0.003192917676642537,0.0009159155888482928,-0.5627580285072327,23.581348419189453,0.0346,0.05583636090159416
646,7,8,7,-0.00312459166161716,0.00047916924813762307,-2.4891583919525146,51.858192443847656,0.0273,0.13876128196716309
647,7,8,8,-0.003095692489296198,0.0003029640356544405,3.7898242473602295,41.67751693725586,0.0172,0.3686104416847229
648,8,0,0,-0.003094205865636468,0.00029538810485973954,4.690286636352539,38.24200439453125,0.0167,0.6014012098312378
649,8,0,1,-0.003096153726801276,0.000307208247249946,3.228912830352783,45.61851501464844,0.0173,0.2504658102989197
650,8,0,2,-0.0031030536629259586,0.0003520189202390611,0.3574240207672119,55.34589385986328,0.02,0.020376434549689293
651,8,0,3,-0.0031268701422959566,0.0004799483285751194,-2.2966041564941406,52.6072883605957,0.0286,0.11926846951246262
652,8,0,4,-0.003140762448310852,0.0005520195118151605,-2.531377077102661,44.958038330078125,0.032,0.16477297246456146
653,8,0,5,-0.003129724645987153,0.0005117938853800297,-2.6268627643585205,48.24646759033203,0.0296,0.1637510061264038
654,8,0,6,-0.0031035980209708214,0.0003771524643525481,-0.16221129894256592,64.89347076416016,0.0206,0.015815341845154762
655,8,0,7,-0.003097789827734232,0.00032054385519586504,1.4936833381652832,62.25810623168945,0.0176,0.051898300647735596
656,8,0,8,-0.003093732986599207,0.0002924709697254002,5.10230016708374,35.91999053955078,0.0166,0.7526022791862488
657,8,1,0,-0.0030957364942878485,0.0003103504714090377,2.979654550552368,51.48796463012695,0.0176,0.19185729324817657
658,8,1,1,-0.003120720386505127,0.00045155498082749546,-2.47367262840271,51.83985137939453,0.0267,0.1373278647661209
659,8,1,2,-0.0032088474836200476,0.0008828898426145315,-1.081119418144226,22.802675247192383,0.035,0.09511248767375946
660,8,1,3,-0.003285497659817338,0.0014259674353525043,0.366822749376297,11.451257705688477,0.034,0.09907723218202591
661,8,1,4,-0.0032989548053592443,0.0016762244049459696,0.6435226798057556,9.210986137390137,0.0276,0.15352551639080048
662,8,1,5,-0.0032835383899509907,0.001432696357369423,0.4388473629951477,11.713263511657715,0.0344,0.10181509703397751
663,8,1,6,-0.0032127215526998043,0.0009078343864530325,-0.9942278265953064,22.87147331237793,0.0348,0.08694188296794891
664,8,1,7,-0.0031195986084640026,0.00046160491183400154,-2.0571975708007812,53.39761734008789,0.0273,0.09798305481672287
665,8,1,8,-0.003096494823694229,0.0003118032473139465,2.348127841949463,59.8499755859375,0.0175,0.10883386433124542
666,8,2,0,-0.003102762857452035,0.0003602871729526669,0.36038389801979065,63.91843795776367,0.0203,0.01767684891819954
667,8,2,1,-0.003210078924894333,0.0008960378472693264,-1.0177679061889648,22.340782165527344,0.0352,0.09112713485956192
668,8,2,2,-0.003261137055233121,0.0019572225864976645,0.856804370880127,7.263119697570801,0.0237,0.23875604569911957
669,8,2,3,-0.002635673386976123,0.0028609547298401594,0.8232181668281555,3.717031955718994,0.0045,0.4513515532016754
670,8,2,4,-0.002165685873478651,0.0031225630082190037,0.663578450679779,2.9902660846710205,0.0022,0.4816749691963196
671,8,2,5,-0.0026471344754099846,0.00281775975599885,0.8228657245635986,3.7376644611358643,0.0054,0.4487048089504242
672,8,2,6,-0.003227904438972473,0.0019106665858998895,0.858873724937439,7.418417930603027,0.0234,0.234236478805542
673,8,2,7,-0.0032069766893982887,0.0008638951112516224,-1.0120149850845337,22.494596481323242,0.0338,0.08998490869998932
674,8,2,8,-0.0031072187703102827,0.0003642821975518018,-1.1259526014328003,60.8668327331543,0.021,0.037257883697748184
675,8,3,0,-0.0031217928044497967,0.0004578116931952536,-2.622037410736084,53.15464401245117,0.0266,0.1481541246175766
676,8,3,1,-0.0033131358213722706,0.0013870751718059182,0.18449927866458893,11.445385932922363,0.0331,0.09034557640552521
677,8,3,2,-0.0026370694395154715,0.002861948451027274,0.8124607801437378,3.6748805046081543,0.0049,0.451740562915802
678,8,3,3,-0.0007203164859674871,0.00350018497556448,0.14129377901554108,2.137080669403076,0.0001,0.4772697687149048
679,8,3,4,0.00020204468455631286,0.003458901774138212,-0.14489491283893585,2.22576642036438,0.0,0.45871594548225403
680,8,3,5,-0.0007822504849173129,0.0034955397713929415,0.14936622977256775,2.178203821182251,0.0,0.4693363606929779
681,8,3,6,-0.002674547489732504,0.0028250287286937237,0.8290079832077026,3.772703170776367,0.0059,0.4472268521785736
682,8,3,7,-0.00330914044752717,0.0013656162191182375,0.024399664252996445,10.876864433288574,0.0343,0.09199299663305283
683,8,3,8,-0.003123779082670808,0.0004718713171314448,-3.1607155799865723,55.46955490112305,0.0268,0.19812890887260437
684,8,4,0,-0.0031406681519001722,0.0005324460216797888,-3.028254985809326,43.995155334472656,0.0311,0.23116926848888397
685,8,4,1,-0.003304822836071253,0.0016013213898986578,0.5675226449966431,9.422410011291504,0.0281,0.14031250774860382
686,8,4,2,-0.0021708854474127293,0.0031618457287549973,0.6330103278160095,2.903980016708374,0.0015,0.4823387563228607
687,8,4,3,0.00024097309506032616,0.003471562173217535,-0.16336728632450104,2.2602379322052,0.0,0.45423924922943115
688,8,4,4,0.0012474606046453118,0.003224621992558241,-0.4318399429321289,2.693514585494995,0.0006,0.4404972493648529
689,8,4,5,0.00018797219672705978,0.0034536486491560936,-0.14104560017585754,2.2347965240478516,0.0,0.45636990666389465
690,8,4,6,-0.0022547640837728977,0.003111385740339756,0.6312103867530823,2.9875521659851074,0.0027,0.4680843949317932
691,8,4,7,-0.003347220132127404,0.001589030958712101,0.3812379539012909,8.971017837524414,0.0277,0.12767139077186584
692,8,4,8,-0.0031397135462611914,0.0005481869447976351,-3.056743621826172,48.11970901489258,0.031,0.21495726704597473
693,8,5,0,-0.003132720710709691,0.0004963058745488524,-3.338675022125244,51.00718307495117,0.029,0.23813803493976593
694,8,5,1,-0.003307635197415948,0.0014455401105806231,0.2869120240211487,11.040257453918457,0.0319,0.09803381562232971
695,8,5,2,-0.002651263726875186,0.0028443753253668547,0.8343849778175354,3.7358858585357666,0.0051,0.4540283977985382
696,8,5,3,-0.0007174113416112959,0.0035025940742343664,0.15712574124336243,2.163398027420044,0.0003,0.47364768385887146
697,8,5,4,0.0002188217913499102,0.003470487194135785,-0.14722074568271637,2.2373688220977783,0.0002,0.4566408097743988
698,8,5,5,-0.0007647968595847487,0.0034986301325261593,0.17628051340579987,2.1659021377563477,0.0004,0.47604864835739136
699,8,5,6,-0.002706182189285755,0.0027973956894129515,0.8573522567749023,3.9176101684570312,0.0061,0.44288551807403564
700,8,5,7,-0.0033114529214799404,0.0013735422398895025,0.14339004456996918,11.650638580322266,0.0374,0.08759697526693344
701,8,5,8,-0.003123065922409296,0.000474710512207821,-2.1195645332336426,58.144107818603516,0.0269,0.0944644957780838
702,8,6,0,-0.00310682225972414,0.0003766242298297584,-0.8328661322593689,59.414737701416016,0.0212,0.028505822643637657
703,8,6,1,-0.003205039305612445,0.0009037457639351487,-0.8534595966339111,22.27260398864746,0.0354,0.07760176062583923
704,8,6,2,-0.00323750963434577,0.002000560751184821,0.8559565544128418,7.145314693450928,0.023,0.24248918890953064
705,8,6,3,-0.0026528502348810434,0.002880864543840289,0.8264696002006531,3.6653077602386475,0.0048,0.4591843783855438
706,8,6,4,-0.002174641704186797,0.003153369762003422,0.6438818573951721,2.958588123321533,0.0021,0.47812798619270325
707,8,6,5,-0.002683380153030157,0.0028450300451368093,0.8275855183601379,3.80489444732666,0.0052,0.4428237974643707
708,8,6,6,-0.003256262978538871,0.0019116331823170185,0.8967283368110657,8.065077781677246,0.024,0.2236955165863037
709,8,6,7,-0.0032112328335642815,0.0008794352179393172,-1.1738165616989136,24.761783599853516,0.0335,0.09602883458137512
710,8,6,8,-0.0031027672812342644,0.00036288381670601666,-0.6239078640937805,70.24407196044922,0.0199,0.019777625799179077
711,8,7,0,-0.0030972480308264494,0.00031487815431319177,2.295607805252075,52.286712646484375,0.0175,0.11991220712661743
712,8,7,1,-0.003125265473499894,0.00048556862748228014,-2.6686487197875977,51.27238464355469,0.0281,0.15840274095535278
713,8,7,2,-0.0031979030463844538,0.0009149922407232225,-0.5075337886810303,21.83917236328125,0.0359,0.057584166526794434
714,8,7,3,-0.0032749648671597242,0.0015061714220792055,0.5306735038757324,11.014720916748047,0.0329,0.11635467410087585
715,8,7,4,-0.0032860878854990005,0.0016934337327256799,0.654110312461853,8.905801773071289,0.0275,0.16032922267913818
716,8,7,5,-0.00327487220056355,0.0014671791577711701,0.3750402331352234,11.28753662109375,0.033,0.10105439275503159
717,8,7,6,-0.0032112915068864822,0.000906307075638324,-1.0215003490447998,23.478883743286133,0.0348,0.08703407645225525
718,8,7,7,-0.003119697095826268,0.0004771740932483226,-1.8894257545471191,58.77434539794922,0.0271,0.07775381207466125
719,8,7,8,-0.0030970240477472544,0.00031565208337269723,1.9326086044311523,61.788394927978516,0.0175,0.07663211971521378
720,8,8,0,-0.003093790728598833,0.0002924633154179901,5.103282451629639,35.927703857421875,0.0166,0.7527197003364563
721,8,8,1,-0.003096743021160364,0.0003148882824461907,2.0425901412963867,58.70051193237305,0.0173,0.08811122924089432
722,8,8,2,-0.0031140383798629045,0.00041513502947054803,-2.410545825958252,62.27461242675781,0.0232,0.10936609655618668
723,8,8,3,-0.0031307656317949295,0.000504883995745331,-2.183584690093994,47.00334548950195,0.0299,0.12271556258201599
724,8,8,4,-0.00313481199555099,0.000561848224606365,-1.9264181852340698,43.97585678100586,0.0321,0.10712894797325134
725,8,8,5,-0.003125239862129092,0.0004901665379293263,-2.2582409381866455,49.26274490356445,0.0295,0.1238187626004219
726,8,8,6,-0.0031056462321430445,0.00038319345912896097,-1.0165386199951172,69.24179077148438,0.021,0.02936594933271408
727,8,8,7,-0.0030963891185820103,0.0003071315004490316,3.2241032123565674,46.411373138427734,0.0175,0.245518296957016
728,8,8,8,-0.003093716921284795,0.00029246738995425403,5.1023736000061035,35.92070770263672,0.0166,0.7526081204414368
